,xt_x0,xt_v0,xt_t,xt_rand,vt_x0,vt_v0,vt_t,vt_rand,x0,v0,t,rand,alpha,beta,gamma,delta,omega,explainer
0,-23596982961599.5,13430818265020.828,1266293391969.7314,0.001953125,-2.0857309700040376e+27,1.1705185375088933e+27,8.593793992550054e+25,-274877906944.0,0.19868062590289348,0.7119513899644774,0.07070707070707072,0.09540420052626208,-0.1,-0.1,0.37,0.3,1.2,kernel
1,-15428997932173.48,6688588398992.326,-159461771422.64746,-0.001953125,-1.237864658934899e+27,3.965905162523095e+26,1.1999650112945663e+25,-137438953472.0,0.8995302078943164,0.7107432706182953,0.4040404040404041,0.3542710200958331,-0.1,-0.1,0.37,0.3,1.2,kernel
2,8658361827000.257,-16760165953552.102,-798067178065.6533,-0.001953125,6.990612183452978e+26,-1.4856006712501886e+27,-4.273503966475337e+25,137438953472.0,0.8650259436160623,0.24945573920442243,0.9494949494949496,0.9371328499953259,-0.1,-0.1,0.37,0.3,1.2,kernel
3,-14291829567621.297,6360894870092.791,-968936607075.2617,-0.001953125,-1.2832806973513437e+27,5.006597696189145e+26,-4.665356483721478e+25,0.0,0.39854823887698665,0.8637326440729247,0.13131313131313133,0.18491755281151911,-0.1,-0.1,0.37,0.3,1.2,kernel
4,40715930898251.9,49441156425922.11,5714336594004.469,0.015625,5.829416583971536e+26,9.207181770580672e+26,1.2262681002712904e+26,-549755813888.0,0.41804301370817454,0.5470168674541854,0.4545454545454546,0.6062144347993866,-0.1,-0.1,0.37,0.3,1.2,kernel
5,-10020327540082.203,1408343037504.046,-287886802025.66504,-0.00390625,-8.420573544659572e+26,1.5833246798394766e+25,-3.05038490208163e+24,0.0,0.8817915260658846,0.8394753974414186,0.06060606060606061,0.8432826229406616,-0.1,-0.1,0.37,0.3,1.2,kernel
6,-2307073563074.602,-5856603878412.039,-736193863130.79,0.0,-3.6454157126415e+26,-4.2435139011549126e+26,-4.038153119000275e+25,0.0,0.1774030360699519,0.3038025272160778,0.33333333333333337,0.9144677841464401,-0.1,-0.1,0.37,0.3,1.2,kernel
7,-2307073563074.602,-5856603878412.039,-736193863130.79,0.0,-3.6454157126415e+26,-4.2435139011549126e+26,-4.038153119000275e+25,0.0,0.1774030360699519,0.3038025272160778,0.686868686868687,0.7700102654203885,-0.1,-0.1,0.37,0.3,1.2,kernel
8,13801580169549.238,-21889423891225.04,-812027582941.6162,0.001953125,7.514860111197205e+26,-1.5365054532946493e+27,-4.425505039471537e+25,274877906944.0,0.632984389922161,0.052763072800039945,0.797979797979798,0.14484866303879623,-0.1,-0.1,0.37,0.3,1.2,kernel
9,-26218474448442.43,19306910626600.375,-1988307482761.709,-0.001953125,-2.040020501950554e+27,1.305803140963354e+27,-9.505713158244356e+25,-274877906944.0,0.5257983708420308,0.7922908262542482,0.05050505050505051,0.2634427967593872,-0.1,-0.1,0.37,0.3,1.2,kernel
10,-32283101646762.754,24181297520224.074,-798067178065.1191,0.0,-2.71370264016334e+27,1.9271631872584496e+27,-4.273503966475337e+25,-137438953472.0,0.1832493037047505,0.894380801254377,0.696969696969697,0.5655114705065325,-0.1,-0.1,0.37,0.3,1.2,kernel
11,-26691345622625.51,18699688984411.42,-908214666389.6758,0.0,-2.2337888421300148e+27,1.4488777623911346e+27,-4.436341283076372e+25,0.0,0.4108517344713883,0.602518325333889,0.5151515151515152,0.9901130277076038,-0.1,-0.1,0.37,0.3,1.2,kernel
12,-611818683714.7402,-6486323126149.686,-1801729494753.084,0.0,-2.5610312642061414e+26,-4.797495359407817e+26,-9.342183020824797e+25,-137438953472.0,0.4874055723522688,0.3653678469161593,0.10101010101010102,0.8829481042954963,-0.1,-0.1,0.37,0.3,1.2,kernel
13,17327071376329.775,-25428875502868.44,-798067178065.1533,0.001953125,1.2453958745986782e+27,-2.0319353275035687e+27,-4.27350396647533e+25,-274877906944.0,0.8823223052095199,0.3433703830584105,0.26262626262626265,0.8860729362982869,-0.1,-0.1,0.37,0.3,1.2,kernel
14,-13678840547884.836,5297860384648.399,-518891141380.9961,0.0,-1.0943023616339931e+27,3.0229843252955536e+26,-3.727056346520611e+25,-137438953472.0,0.04940052600415168,0.4998742730867418,0.13131313131313133,0.003597267576057106,-0.1,-0.1,0.37,0.3,1.2,kernel
15,6937892754353.045,-15030875904804.756,-806888154165.7129,-0.001953125,1.153886408868653e+26,-9.009616731394896e+26,-4.370146031701979e+25,137438953472.0,0.3477163755212917,0.03396700736678537,0.7373737373737375,0.41362220731758814,-0.1,-0.1,0.37,0.3,1.2,kernel
16,23579556319604.188,-31795852504819.477,-683575119388.4941,-0.00390625,1.8920562488764515e+27,-2.708083051441492e+27,-1.3247690004603294e+25,-412316860416.0,0.978254713552029,0.26316593371029096,0.6161616161616162,0.22418934551777897,-0.1,-0.1,0.37,0.3,1.2,kernel
17,-19359947681831.395,10845875425499.877,-385799048272.2656,-0.00390625,-1.5847488978334054e+27,7.753998520712771e+26,-1.9925446807515605e+25,-137438953472.0,0.5064047673880926,0.9251354235123781,0.8080808080808082,0.015013910180044221,-0.1,-0.1,0.37,0.3,1.2,kernel
18,-21109099238145.215,13007295111606.398,-798067178065.0293,-0.001953125,-1.841797767869332e+27,1.0552583149644418e+27,-4.273503966475351e+25,-274877906944.0,0.23002344450114348,0.7669138171538847,0.32323232323232326,0.8974972190167196,-0.1,-0.1,0.37,0.3,1.2,kernel
19,22214918145009.82,-30310324831374.258,-804464618252.9785,-0.0078125,1.5123395261827623e+27,-2.2981898485005897e+27,-4.342417025181654e+25,0.0,0.7552117489261152,0.018092986384941,0.6666666666666667,0.4755603943370617,-0.1,-0.1,0.37,0.3,1.2,kernel
20,-8355662682310.629,595869216776.8828,-1140077839070.0215,0.0,-8.087777024762784e+26,3.008995131762617e+25,-5.058674141099169e+25,-137438953472.0,0.9541138881185778,0.4759811919375402,0.4646464646464647,0.519116279148548,-0.1,-0.1,0.37,0.3,1.2,kernel
21,10088499158993.402,-17254749558246.373,-1733620905364.456,0.0,7.514982812211748e+26,-1.4905201519904506e+27,-9.02526218003682e+25,0.0,0.6218207610725941,0.3569949672281153,0.33333333333333337,0.42713885603804724,-0.1,-0.1,0.37,0.3,1.2,kernel
22,14079504945104.035,-22024285881365.656,-955090368355.8389,-0.00390625,1.0608919613393739e+27,-1.8441439850225684e+27,-4.602246888644929e+25,-274877906944.0,0.7312237175865189,0.27067362032910813,0.08080808080808081,0.7012011118502326,-0.1,-0.1,0.37,0.3,1.2,kernel
23,14261533799041.14,-22363337925593.133,-798067178065.4678,-0.00390625,1.0653187069356796e+27,-1.85185815984057e+27,-4.273503966475358e+25,0.0,0.7312237175865189,0.27067362032910813,0.686868686868687,0.5120015935800684,-0.1,-0.1,0.37,0.3,1.2,kernel
24,-17782338217474.824,9680534090936.17,-798067178065.1201,-0.00390625,-1.4798847821579705e+27,6.933453292530802e+26,-4.273503966475337e+25,-274877906944.0,0.20383266978087633,0.9616187527413549,0.23232323232323235,0.4159423845618756,-0.1,-0.1,0.37,0.3,1.2,kernel
25,3570120751878.1465,-11671924878430.268,-798067178065.3711,-0.001953125,2.098244617256877e+26,-9.963639146305781e+26,-4.273503966475337e+25,-137438953472.0,0.44559546804955075,0.34253503525150764,0.8484848484848485,0.23203318720110389,-0.1,-0.1,0.37,0.3,1.2,kernel
26,-6785279500145.551,-3562331235305.5693,1447739430833.6885,0.0,-6.636447379322254e+26,-2.7704388059863122e+26,1.1141412596121272e+26,0.0,0.1838304661537254,0.27545812322371277,0.030303030303030304,0.8045551879327355,-0.1,-0.1,0.37,0.3,1.2,kernel
27,13460920250594.242,-21961298924757.12,-399492630454.59766,-0.001953125,1.2174518662196374e+27,-2.0253096289942098e+27,-2.1416729795071497e+25,0.0,0.8522090920951264,0.1817244016400525,0.4545454545454546,0.6175391954285504,-0.1,-0.1,0.37,0.3,1.2,kernel
28,-407492697783.97705,-7524682355593.235,-967696251240.294,0.001953125,3.02428225223488e+25,-8.129204997706902e+26,-4.659681532130266e+25,0.0,0.6437829605702313,0.24931241375874064,0.4646464646464647,0.5558241723946323,-0.1,-0.1,0.37,0.3,1.2,kernel
29,-4631816530919.763,-4103205865990.289,-164848907693.7871,-0.001953125,-2.0289607703992513e+26,-6.374516371249153e+26,1.1073221595196388e+25,0.0,0.8324994220852394,0.9330926842318457,0.23232323232323235,0.25205957420135444,-0.1,-0.1,0.37,0.3,1.2,kernel
30,-189323157727640.3,-193458309771403.3,-4582710242434.0625,-0.0625,-1.6131765467274122e+28,-1.6373758236692996e+28,-3.631288199785207e+26,-13194139533312.0,0.21130310401748326,0.31064351953174196,0.21212121212121213,0.0073284740158710004,-0.1,-0.1,0.37,0.3,1.2,kernel
31,-885212053930.75,-7045941619251.818,-968717631434.9453,0.0,-1.1411984164647691e+26,-6.685116095783565e+26,-4.664304134481046e+25,0.0,0.4505699109023287,0.3772908182764463,0.9292929292929294,0.24513145699695538,-0.1,-0.1,0.37,0.3,1.2,kernel
32,9831990816198.293,-18347447086331.508,-384415034484.209,-0.00390625,5.83566027109609e+26,-1.3930686193931235e+27,-1.9771900286129652e+25,274877906944.0,0.7581815116517585,0.2774735963497603,0.36363636363636365,0.35615350762293946,-0.1,-0.1,0.37,0.3,1.2,kernel
33,-9762355330169.809,1660551203631.12,-798067178065.1328,-0.001953125,-8.224355736365792e+26,3.5896120731688504e+25,-4.273503966475337e+25,137438953472.0,0.6986786455056502,0.9298560227087338,0.5454545454545455,0.42865683317122166,-0.1,-0.1,0.37,0.3,1.2,kernel
34,-14533617660998.291,6431813534459.623,-798067178065.1084,0.001953125,-1.242497160124938e+27,4.5595770722004766e+26,-4.273503966475323e+25,-412316860416.0,0.902096956646316,0.5694722200356156,0.888888888888889,0.7315815656046245,-0.1,-0.1,0.37,0.3,1.2,kernel
35,2141908012134.3496,-10243712138686.457,-798067178065.3232,0.0,-1.2782788586916527e+26,-6.587115670357253e+26,-4.273503966475344e+25,0.0,0.17510751669566,0.3059160415155595,0.20202020202020204,0.3712113833633627,-0.1,-0.1,0.37,0.3,1.2,kernel
36,-43122322585998.51,34611518413180.95,-389067131799.9336,-0.001953125,-3.4932837709175073e+27,2.6842969562395505e+27,-2.0287677891686893e+25,-274877906944.0,0.09701037519030553,0.6168207814828057,0.686868686868687,0.5824759669663153,-0.1,-0.1,0.37,0.3,1.2,kernel
37,-30930277329312.527,22828473202773.87,-798067178065.1299,-0.00390625,-2.511894841911179e+27,1.725355389006288e+27,-4.273503966475323e+25,274877906944.0,0.3409867489429397,0.8054571601546878,0.27272727272727276,0.20913473057821508,-0.1,-0.1,0.37,0.3,1.2,kernel
38,-447420719908.0537,-7544367900921.906,-908082683787.4727,0.0,-3.0861335764059195e+26,-4.763016012405737e+26,-4.435953368847818e+25,-137438953472.0,0.18546498872983685,0.273406198492931,0.5050505050505051,0.23663695987293376,-0.1,-0.1,0.37,0.3,1.2,kernel
39,-26743343352068.273,18641539225529.49,-798067178065.0059,0.0,-2.2734442891104015e+27,1.486904836205511e+27,-4.273503966475323e+25,-274877906944.0,0.15829264679919275,0.7763417799489487,0.29292929292929293,0.9550366155250354,-0.1,-0.1,0.37,0.3,1.2,kernel
40,108699922036847.52,129674538218078.02,5107072010994.9375,0.0,5.78096672519546e+27,7.3482109343408e+27,2.915643677097176e+26,4398046511104.0,0.30560367510547337,0.7671551449511773,0.4747474747474748,0.21721580034283555,-0.1,-0.1,0.37,0.3,1.2,kernel
41,-11829168099951.318,6672372262105.292,-3743075466765.3076,-0.00390625,-1.0716988846571367e+27,5.8186675317011455e+26,-3.394423610826214e+26,-412316860416.0,0.12863935359233997,0.7245557593722391,0.010101010101010102,0.9105027740101984,-0.1,-0.1,0.37,0.3,1.2,kernel
42,-20844145000441.684,12134948884349.72,-190675188511.83984,-0.005859375,-1.6267357139964527e+27,7.906865731447586e+26,6.774648282050088e+24,0.0,0.5396420986243939,0.9718162929711716,0.18181818181818182,0.8220169328395613,-0.1,-0.1,0.37,0.3,1.2,kernel
43,-25611506349227.406,17509702222675.342,-798067178065.4092,0.0,-2.1563626248899849e+27,1.3698231719850944e+27,-4.27350396647533e+25,-274877906944.0,0.3336814739095135,0.4922512013022541,0.8686868686868687,0.6885025438125141,-0.1,-0.1,0.37,0.3,1.2,kernel
44,-8272463188529.218,799526138010.6245,-1426934254098.8604,-0.00390625,-8.179925578645913e+26,8.447575316894919e+25,-9.575768787400176e+25,-137438953472.0,0.08168398209205585,0.22364577836647476,0.43434343434343436,0.3508750803367898,-0.1,-0.1,0.37,0.3,1.2,kernel
45,-190679274130153.25,-204304706058320.56,-4705967946367.5,0.0625,-1.7026524077589055e+28,-1.7580921873754637e+28,-3.843603578308094e+26,-8796093022208.0,0.5011653871564786,0.0673042424842859,0.24242424242424243,0.013362039459576869,-0.1,-0.1,0.37,0.3,1.2,kernel
46,-4107448831118.171,8237984110974.917,-13030406584460.566,-0.00390625,-3.4950632959554916e+26,5.953572084843179e+26,-1.0751253714584126e+27,-137438953472.0,0.882539291101478,0.8361149732536193,0.020202020202020204,0.05219570351906855,-0.1,-0.1,0.37,0.3,1.2,kernel
47,-11063617071163.426,2801642374748.651,-637896608188.9805,-0.001953125,-9.501822947661101e+26,1.6021470747088707e+26,-3.930690527442084e+25,-137438953472.0,0.48874197114198903,0.554172938177695,0.5555555555555556,0.05518196279538545,-0.1,-0.1,0.37,0.3,1.2,kernel
48,-21881374339290.94,14186965087090.818,-1205462052403.6494,0.0,-1.8712196130480968e+27,1.1069532241927966e+27,-6.500810371434358e+25,-137438953472.0,0.2667747882770847,0.9379430412916555,0.6464646464646465,0.16158531246804353,-0.1,-0.1,0.37,0.3,1.2,kernel
49,9877100092273.26,-17971004245218.004,-805967151672.6875,0.0,6.21754932929129e+26,-1.407430826147032e+27,-4.3598599351740656e+25,-137438953472.0,0.3031489920769729,0.013360176627322251,0.4444444444444445,0.59664284550607,-0.1,-0.1,0.37,0.3,1.2,kernel
50,-5951066087680.406,-2150738038858.2603,-798067178065.1377,0.0,-4.554610132678367e+26,-3.310784396370539e+26,-4.27350396647533e+25,0.0,0.5797737432697836,0.9390642569091845,0.8787878787878789,0.2041251485909859,-0.1,-0.1,0.37,0.3,1.2,kernel
51,3841602610728.002,-11943406737266.723,-798067178065.0898,-0.001953125,3.344057037225461e+26,-1.1209451566274366e+27,-4.273503966475337e+25,-137438953472.0,0.8986533824299819,0.27964825178611696,0.30303030303030304,0.28556677441946066,-0.1,-0.1,0.37,0.3,1.2,kernel
52,29664205873839.04,-37981288879916.93,-582788298539.6191,0.001953125,2.3505947221400762e+27,-3.167014263511936e+27,-1.2854951197784159e+25,-274877906944.0,0.9787335637085461,0.04310532737082201,0.8787878787878789,0.8797264347191682,-0.1,-0.1,0.37,0.3,1.2,kernel
53,-3333116803099.9673,-4600047555759.854,-966706945743.9297,-0.001953125,-1.7167854179080663e+26,-6.11044523374763e+26,-4.655142740407438e+25,0.0,0.9188973994474894,0.41704261479633586,0.7777777777777778,0.7780890241309613,-0.1,-0.1,0.37,0.3,1.2,kernel
54,-1421139661816.3745,-7081177692424.814,-397553950362.6338,-0.001953125,-5.856093861226339e+25,-7.495048740485402e+26,-2.120867990884035e+25,0.0,0.8525608960754316,0.857528674438716,0.15151515151515152,0.44688484225564645,-0.1,-0.1,0.37,0.3,1.2,kernel
55,4842275814939.327,-12524721065136.121,-1217426054420.6475,0.0,3.542389288964648e+26,-1.1176772611472809e+27,-6.583616031882789e+25,0.0,0.5340157343234844,0.18834501397205705,0.8585858585858587,0.5326646335085365,-0.1,-0.1,0.37,0.3,1.2,kernel
56,1707573878708.7998,-9499194776035.393,-1108250407290.8242,0.001953125,5.7589134791402925e+25,-8.219127486430243e+26,-6.4950878718022494e+25,-137438953472.0,0.4504922889395718,0.04366074882598464,0.12121212121212122,0.5709224720514593,-0.1,-0.1,0.37,0.3,1.2,kernel
57,-13451460875480.293,5513707394457.191,-962117823594.3193,-0.001953125,-1.3587361034353995e+27,5.756781575960415e+26,-4.621654673028579e+25,-137438953472.0,0.34900663954986066,0.2524498375698925,0.494949494949495,0.827711767238784,-0.1,-0.1,0.37,0.3,1.2,kernel
58,3039949752935.9033,-10906753677202.736,-1033067380336.9424,-0.001953125,4.002315384846794e+26,-1.1686797179294762e+27,-6.082631312484717e+25,0.0,0.9933997318931248,0.5161504899131228,0.5353535353535354,0.08902543304487937,-0.1,-0.1,0.37,0.3,1.2,kernel
59,-23334060439844.062,14996937131136.941,-562747995896.6797,0.0,-1.961768871258633e+27,1.1568391679686482e+27,-2.434478927965935e+25,274877906944.0,0.3216475661139514,0.5958397415935035,0.5555555555555556,0.04976623651944473,-0.1,-0.1,0.37,0.3,1.2,kernel
60,30948075631166.85,59419180716558.62,2483013168791.422,0.0,-5.73198859560644e+26,2.02695864957955e+27,3.2818495704399555e+25,1374389534720.0,0.41312903694439906,0.5910321375167685,0.31313131313131315,0.1935531095724779,-0.1,-0.1,0.37,0.3,1.2,kernel
61,9309350116051.68,-17577624401651.326,-631597019017.7734,-0.001953125,7.81615345727916e+26,-1.5718739784339087e+27,-3.9015859863651e+25,-274877906944.0,0.2721733448972474,0.23149016278299095,0.8484848484848485,0.6183349487387948,-0.1,-0.1,0.37,0.3,1.2,kernel
62,-17629555932635.117,9527751806096.314,-798067178065.0,0.001953125,-1.4587028237677062e+27,6.721633708628161e+26,-4.273503966475337e+25,-549755813888.0,0.25448182948882897,0.6690957123126449,0.5757575757575758,0.14697759569251911,-0.1,-0.1,0.37,0.3,1.2,kernel
63,5200135958681.928,-12889562109293.98,-1210445154005.3809,-0.001953125,1.4906243085216877e+26,-9.127801178380107e+26,-6.555680558380204e+25,0.0,0.2733695238585171,0.047547990286560815,0.21212121212121213,0.9209502868582372,-0.1,-0.1,0.37,0.3,1.2,kernel
64,-24656136806733.414,15739273712406.871,16991789722.746094,0.0,-2.128142926285255e+27,1.283296021601834e+27,1.5572412113776728e+25,274877906944.0,0.43132615284805265,0.9920235159496553,0.07070707070707072,0.9708266760327753,-0.1,-0.1,0.37,0.3,1.2,kernel
65,1268762070346.5679,-9480008358124.398,-688625016839.6768,0.0,-3.7219941206660546e+25,-7.5092709632338e+26,-4.112745503960335e+25,0.0,0.47219701716639845,0.3431565520991352,0.15151515151515152,0.8480433483550809,-0.1,-0.1,0.37,0.3,1.2,kernel
66,16420079917352.316,-23895484532588.76,-1424466689380.997,0.0,1.3153083832026738e+27,-2.0491877413802757e+27,-9.539513439204197e+25,-137438953472.0,0.6127502209188432,0.14404700159647282,0.7373737373737375,0.9159852784281423,-0.1,-0.1,0.37,0.3,1.2,kernel
67,-5772582784390.868,-3458068278695.2646,330779758482.34863,0.001953125,-4.027927563440394e+26,-4.501098115492467e+26,2.3628075323641997e+25,274877906944.0,0.8839976579521018,0.6271195687631436,0.06060606060606061,0.4023685173534367,-0.1,-0.1,0.37,0.3,1.2,kernel
68,6926964765579.003,-15028768892117.596,-798067178065.1631,-0.001953125,5.572027871903383e+26,-1.3437422400952286e+27,-4.273503966475344e+25,-274877906944.0,0.9606472040310622,0.42163268932577336,0.42424242424242425,0.8971622818625169,-0.1,-0.1,0.37,0.3,1.2,kernel
69,-39143306683544.48,31041502557005.57,-798067178064.9414,0.0,-3.165066720840524e+27,2.3785272679356338e+27,-4.27350396647533e+25,-274877906944.0,0.0614935559020971,0.7997696590636987,0.5555555555555556,0.010965247160813096,-0.1,-0.1,0.37,0.3,1.2,kernel
70,-39143306683544.48,31041502557005.57,-798067178064.9414,0.0,-3.165066720840524e+27,2.3785272679356338e+27,-4.27350396647533e+25,-274877906944.0,0.0614935559020971,0.7997696590636987,0.8484848484848485,0.746501707105746,-0.1,-0.1,0.37,0.3,1.2,kernel
71,-7732850587913.512,-368953538625.1299,-798067178065.1172,-0.00390625,-7.444640355288425e+26,-4.207541737604809e+25,-4.273503966475323e+25,-137438953472.0,0.7486623566931667,0.5950139832499496,0.98989898989899,0.3774968100516187,-0.1,-0.1,0.37,0.3,1.2,kernel
72,-3784558367326.435,-4835230973527.221,-280081963763.7715,-0.001953125,-4.857146369840997e+26,-3.4089045340981516e+26,-2.6694021757289696e+24,-137438953472.0,0.36768966584565566,0.28288307245188615,0.07070707070707072,0.262017011849291,-0.1,-0.1,0.37,0.3,1.2,kernel
73,-25358063020812.473,17256258894273.691,-798067178065.0596,-0.005859375,-2.25032701302098e+27,1.4637875601160894e+27,-4.27350396647533e+25,-274877906944.0,0.041516355484450485,0.9274891333588554,0.595959595959596,0.46816745473755245,-0.1,-0.1,0.37,0.3,1.2,kernel
74,-15117557602347.463,6600917406377.729,-383231108647.72266,-0.001953125,-1.0241569241856871e+27,2.1452300387109164e+26,-1.964057225504831e+25,-274877906944.0,0.5654000555929369,0.4528860927471983,0.8989898989898991,0.9139505217705923,-0.1,-0.1,0.37,0.3,1.2,kernel
75,-135471229409165.84,-114605513469448.03,-5736331234229.719,0.125,-7.903414722658218e+27,-6.24662183427466e+27,-3.1545947035919725e+26,10995116277760.0,0.2500662632234142,0.43342762361703824,0.30303030303030304,0.4241607875611938,-0.1,-0.1,0.37,0.3,1.2,kernel
76,-14210769908602.451,6108965782050.34,-798067178065.4004,0.0,-1.266209947146013e+27,4.796704942411225e+26,-4.27350396647533e+25,-274877906944.0,0.3769577366976217,0.43293113610150913,0.9494949494949496,0.6800055661405949,-0.1,-0.1,0.37,0.3,1.2,kernel
77,174276539931567.8,188400396268489.0,2947172623213.5312,-0.0625,1.460813822371225e+28,1.566347151000454e+28,2.709836389879803e+26,-4398046511104.0,0.8024344724644663,0.8977296816235344,0.8383838383838385,0.2984348325262572,-0.1,-0.1,0.37,0.3,1.2,kernel
78,-4069824935156.6357,-3625390288029.7314,-1204656081431.087,-0.001953125,-6.321209371346531e+26,-1.3223356208186415e+26,-6.491999335312648e+25,-274877906944.0,0.05407314500236854,0.33101969564882294,0.29292929292929293,0.09495595587421396,-0.1,-0.1,0.37,0.3,1.2,kernel
79,-19447007772185.043,11345203645646.428,-798067178065.167,-0.00390625,-1.624691426643026e+27,8.381519737381354e+26,-4.273503966475323e+25,-137438953472.0,0.4574163279029064,0.7301362590102374,0.6464646464646465,0.08298879220208294,-0.1,-0.1,0.37,0.3,1.2,kernel
80,-16750586617467.145,9056961797131.906,-1206246484268.543,-0.001953125,-1.287312619902767e+27,5.231321611165296e+26,-6.509403378340668e+25,137438953472.0,0.6177300393934635,0.8227217118370982,0.6060606060606061,0.8530560315071463,-0.1,-0.1,0.37,0.3,1.2,kernel
81,8188732661415.292,-16709250585686.512,-379353380332.54395,0.0,8.051953647074455e+26,-1.6152639267132502e+27,-1.9205930563839405e+25,0.0,0.8113886210155731,0.494125169778416,0.8585858585858587,0.5731993771286829,-0.1,-0.1,0.37,0.3,1.2,kernel
82,3670836897221.1875,-12396189905663.29,-174518296161.66113,-0.001953125,1.8941551467803734e+26,-1.0281312887306002e+27,9.441281482919071e+24,-137438953472.0,0.7049137072546895,0.6409197708968734,0.9393939393939394,0.24131525049009633,-0.1,-0.1,0.37,0.3,1.2,kernel
83,-17983916026051.777,9882111899513.062,-798067178065.1074,0.00390625,-1.505764435433832e+27,7.192249825289414e+26,-4.273503966475323e+25,-137438953472.0,0.47270357408443403,0.670380168781234,0.5555555555555556,0.47918735933162193,-0.1,-0.1,0.37,0.3,1.2,kernel
84,15456053708172.584,-23612747398263.77,-743177614512.6592,-0.00390625,1.3430279837992495e+27,-2.156686815680935e+27,-1.5615660687958645e+25,274877906944.0,0.8163164975880308,0.3778204642439254,0.17171717171717174,0.16504972052808026,-0.1,-0.1,0.37,0.3,1.2,kernel
85,-32906337649940.348,25432420417939.02,-1425954072602.4814,-0.00390625,-2.873663232082075e+27,2.1400345278823182e+27,-9.564578836988757e+25,549755813888.0,0.1669455547000731,0.8840771095796337,0.393939393939394,0.30828340657108433,-0.1,-0.1,0.37,0.3,1.2,kernel
86,-669097413402.1875,-7432706713136.472,-798067178065.1084,-0.001953125,-6.938593249559247e+25,-7.171535204092979e+26,-4.273503966475337e+25,-274877906944.0,0.8895413626448494,0.5768608120950633,0.4747474747474748,0.6760625794643643,-0.1,-0.1,0.37,0.3,1.2,kernel
87,-12293849694987.998,4201225927207.2666,-807247536823.0674,-0.00390625,-9.853472383667146e+26,1.9981560589535395e+26,-4.374286009828334e+25,0.0,0.6164998546232513,0.9198092484818882,0.797979797979798,0.4592289832381986,-0.1,-0.1,0.37,0.3,1.2,kernel
88,122139060526879.53,105156908811326.4,3837099725589.8125,0.0625,6.84785279972408e+27,4.997831460272131e+27,2.1131488081386827e+26,4398046511104.0,0.8806914740555118,0.412995668895483,0.5151515151515152,0.3761718147601777,-0.1,-0.1,0.37,0.3,1.2,kernel
89,24543598581027.973,-33151770729066.84,-291699156578.5781,0.001953125,1.5750263735495815e+27,-2.3842177492141018e+27,-2.0083116905123334e+25,-274877906944.0,0.1956110054850938,0.11054019010083543,0.686868686868687,0.8044819012171944,-0.1,-0.1,0.37,0.3,1.2,kernel
90,-193240022814709.94,-198021871800895.44,-4668371122399.3125,-0.25,-1.6805401175014088e+28,-1.7153579916475627e+28,-3.77810207731253e+26,4398046511104.0,0.3699953637741008,0.09052887652474162,0.11111111111111112,0.04023303017171387,-0.1,-0.1,0.37,0.3,1.2,kernel
91,-193240022814710.06,-198021871800895.38,-4668371122399.3125,-0.1875,-1.6805401175014088e+28,-1.7153579916475627e+28,-3.77810207731253e+26,4398046511104.0,0.3699953637741008,0.09052887652474162,0.6464646464646465,0.7115794737276335,-0.1,-0.1,0.37,0.3,1.2,kernel
92,-2920463434492.5244,153960603744.37598,-6133368473861.509,-0.001953125,-2.347764932354175e+26,-1.3833345070589028e+25,-5.806646542636374e+26,0.0,0.6446815726939038,0.5596911982650548,0.010101010101010102,0.7574683777572551,-0.1,-0.1,0.37,0.3,1.2,kernel
93,-4598026190884.204,-4153485991398.842,-148359122320.73828,0.0,-4.006567851265923e+26,-4.4253893471669046e+26,1.3921227273638772e+25,0.0,0.5934073274492455,0.8474683436268474,0.5353535353535354,0.0571400877034875,-0.1,-0.1,0.37,0.3,1.2,kernel
94,14549319115629.047,-22001505821567.227,-1447684598679.2334,0.00390625,9.572618033358148e+26,-1.7028789951502417e+27,-8.3657300755217e+25,-137438953472.0,0.6204438703521831,0.004308819579719736,0.17171717171717174,0.034370791761400954,-0.1,-0.1,0.37,0.3,1.2,kernel
95,-17823161718581.242,9721357592042.584,-798067178065.127,0.0,-1.5762703798997616e+27,7.897309269948709e+26,-4.273503966475316e+25,0.0,0.6579754782103908,0.8198905567676407,0.6666666666666667,0.19936062158566326,-0.1,-0.1,0.37,0.3,1.2,kernel
96,-186776927592483.72,-203921889492246.34,-5710966166947.1875,0.0,-1.6407874105488752e+28,-1.7557675863288932e+28,-4.548633506362202e+26,-17592186044416.0,0.10786067588537424,0.10108637881928695,0.5252525252525253,0.5866473338430584,-0.1,-0.1,0.37,0.3,1.2,kernel
97,5216332646503.64,-13318136773055.734,-798067178065.3369,0.001953125,1.7248685007846868e+26,-9.590263029833593e+26,-4.273503966475337e+25,0.0,0.3136654146452814,0.06388557591247995,0.48484848484848486,0.2609297179602774,-0.1,-0.1,0.37,0.3,1.2,kernel
98,-27902946900823.27,19158913497399.68,-155837901180.18945,0.0,-2.4728548645786609e+27,1.6309643399850354e+27,1.2616032023981482e+25,0.0,0.48236990706729044,0.7266781708947498,0.8787878787878789,0.38316638538029446,-0.1,-0.1,0.37,0.3,1.2,kernel
99,-31354725537400.266,23252921410861.594,-798067178065.1182,-0.001953125,-2.680931220826833e+27,1.8943917679219426e+27,-4.273503966475337e+25,-137438953472.0,0.16064291831310434,0.927805876977446,0.797979797979798,0.018418634273416334,-0.1,-0.1,0.37,0.3,1.2,kernel
0,-14567162635881.219,9749357358504.652,-1.8457442818303744,0.0,-1.2698525660910897e+27,8.734781812415662e+26,-3.3573339271612266,0.0,0.19868062590289348,0.7119513899644774,0.07070707070707072,0.09540420052626208,-0.1,-0.1,0.37,0.3,1.2,sample
1,-10485594276134.264,5667792011503.852,-0.14614324522645739,0.0,-7.978656019109268e+26,4.014914050021e+26,-0.23297596196102105,0.0,0.8995302078943164,0.7107432706182953,0.4040404040404041,0.3542710200958331,-0.1,-0.1,0.37,0.3,1.2,sample
2,27762391377663.28,-32580195610898.35,-0.46227830803881353,0.0,2.265979596261434e+27,-2.6623538930927114e+27,-0.6794832052371886,0.0,0.8650259436160623,0.24945573920442243,0.9494949494949496,0.9371328499953259,-0.1,-0.1,0.37,0.3,1.2,sample
3,-22424112801368.93,17606312937131.42,0.28080477319199565,0.0,-1.8219573829677546e+27,1.4255833725730466e+27,0.35265125147422355,0.0,0.39854823887698665,0.8637326440729247,0.13131313131313133,0.18491755281151911,-0.1,-0.1,0.37,0.3,1.2,sample
4,33785834232443.125,64391871650920.24,1775784664793.1025,0.0,-8.784663604114711e+25,2.105413845447848e+27,4.1619680305965985e+25,0.0,0.41804301370817454,0.5470168674541854,0.4545454545454546,0.6062144347993866,-0.1,-0.1,0.37,0.3,1.2,sample
5,-3494567881613.8374,-1323233642719.4814,0.019775875692116012,0.0,-1.1429912270704951e+26,-2.820749737529251e+26,0.05775923432575898,0.0,0.8817915260658846,0.8394753974414186,0.06060606060606061,0.8432826229406616,-0.1,-0.1,0.37,0.3,1.2,sample
6,4522535242263.206,-10515555727718.541,1175215389248.8499,0.0,2.3502296410583058e+26,-6.975191405270683e+26,6.612178340045067e+25,0.0,0.1774030360699519,0.3038025272160778,0.33333333333333337,0.9144677841464401,-0.1,-0.1,0.37,0.3,1.2,sample
7,11509114088874.18,-16326917938488.459,-0.12053103537946917,0.0,7.676113110971519e+26,-1.1639856147899372e+27,-0.18543756755048377,0.0,0.1774030360699519,0.3038025272160778,0.686868686868687,0.7700102654203885,-0.1,-0.1,0.37,0.3,1.2,sample
8,18981201605663.793,-25170950908607.24,1371948846602.8914,0.0,1.465143364088228e+27,-1.9785647853561298e+27,1.1704747752656967e+26,0.0,0.632984389922161,0.052763072800039945,0.797979797979798,0.14484866303879623,-0.1,-0.1,0.37,0.3,1.2,sample
9,-10863097926031.207,5281748587494.693,763543893429.5332,0.0,-8.22792264939076e+26,3.7131686147149907e+26,5.510102000792123e+25,0.0,0.5257983708420308,0.7922908262542482,0.05050505050505051,0.2634427967593872,-0.1,-0.1,0.37,0.3,1.2,sample
10,-18872653975544.91,14054850686633.645,0.006865898105803847,0.0,-1.5464079302277828e+27,1.150033728607942e+27,-0.00951499164839829,0.0,0.1832493037047505,0.894380801254377,0.696969696969697,0.5655114705065325,-0.1,-0.1,0.37,0.3,1.2,sample
11,-23834136078131.387,20295122192308.926,-1278788808708.4082,0.0,-1.96259462333013e+27,1.675859695566562e+27,-1.0963924910843974e+26,0.0,0.4108517344713883,0.602518325333889,0.5151515151515152,0.9901130277076038,-0.1,-0.1,0.37,0.3,1.2,sample
12,-3962755701676.753,-1249734198886.3005,394687182256.5565,0.0,-3.914911162871836e+26,-6.381003314533757e+25,5.892699430651911e+25,0.0,0.4874055723522688,0.3653678469161593,0.10101010101010102,0.8829481042954963,-0.1,-0.1,0.37,0.3,1.2,sample
13,19887791311087.562,-24705591831866.92,0.08505639224138313,0.0,1.566011973538331e+27,-1.962386008824942e+27,0.183061595851818,0.0,0.8823223052095199,0.3433703830584105,0.26262626262626265,0.8860729362982869,-0.1,-0.1,0.37,0.3,1.2,sample
14,-15775892494857.424,10958088770179.83,-0.025740264075392504,0.0,-1.2475814503403215e+27,8.512071673784042e+26,-0.0828568983715306,0.0,0.04940052600415168,0.4998742730867418,0.13131313131313133,0.003597267576057106,-0.1,-0.1,0.37,0.3,1.2,sample
15,12850539865551.023,-17668344862567.875,-0.03848643062753177,0.0,8.194232109995948e+26,-1.2157975515608075e+27,-0.07189847968507576,0.0,0.3477163755212917,0.03396700736678537,0.7373737373737375,0.41362220731758814,-0.1,-0.1,0.37,0.3,1.2,sample
16,30326741819128.723,-35144547545558.07,-0.18590617126338388,0.0,2.506651493705938e+27,-2.9030259728035966e+27,-0.2977752456656416,0.0,0.978254713552029,0.26316593371029096,0.6161616161616162,0.22418934551777897,-0.1,-0.1,0.37,0.3,1.2,sample
17,-14426348846693.334,9608546270041.172,0.11980869141337687,0.0,-1.2172196244630295e+27,8.208454533173792e+26,0.1660941143111502,0.0,0.5064047673880926,0.9251354235123781,0.8080808080808082,0.015013910180044221,-0.1,-0.1,0.37,0.3,1.2,sample
18,-20962811761260.63,15173921105512.613,971089669895.3248,0.0,-1.7031394760126834e+27,1.283982454956426e+27,2.2782971041682066e+25,0.0,0.23002344450114348,0.7669138171538847,0.32323232323232326,0.8974972190167196,-0.1,-0.1,0.37,0.3,1.2,sample
19,30942281546914.758,-32439492650716.32,-3320591779654.176,0.0,2.3203976399365376e+27,-2.551080181940793e+27,-1.6569160319129717e+26,0.0,0.7552117489261152,0.018092986384941,0.6666666666666667,0.4755603943370617,-0.1,-0.1,0.37,0.3,1.2,sample
20,-625492283239.108,-4192310690319.23,-0.05116744547568663,0.0,-5.663300073597736e+24,-3.907108908243496e+26,-0.10352265336560601,0.0,0.9541138881185778,0.4759811919375402,0.4646464646464647,0.519116279148548,-0.1,-0.1,0.37,0.3,1.2,sample
21,5888912133557.315,-10706715074833.984,0.002086362672171749,0.0,5.006005574682443e+26,-8.969747138586802e+26,-0.00797588504590113,0.0,0.6218207610725941,0.3569949672281153,0.33333333333333337,0.42713885603804724,-0.1,-0.1,0.37,0.3,1.2,sample
22,21668602867388.67,-25542145375662.61,-944261581859.047,0.0,1.774801459531761e+27,-2.1500373232450212e+27,-2.1138414812008824e+25,0.0,0.7312237175865189,0.27067362032910813,0.08080808080808081,0.7012011118502326,-0.1,-0.1,0.37,0.3,1.2,sample
23,18651885626881.6,-23469688891476.152,-0.21835832319209636,0.0,1.5871368190471768e+27,-1.9835110669220697e+27,-0.28553130317392494,0.0,0.7312237175865189,0.27067362032910813,0.686868686868687,0.5120015935800684,-0.1,-0.1,0.37,0.3,1.2,sample
24,-16181867914973.102,11364061714272.041,0.12375312637870546,0.0,-1.343769645836126e+27,9.473952112549113e+26,0.2303397188937465,0.0,0.20383266978087633,0.9616187527413549,0.23232323232323235,0.4159423845618756,-0.1,-0.1,0.37,0.3,1.2,sample
25,8673096095775.068,-12824075978580.217,-666823349712.0646,0.0,5.808892841267211e+26,-9.25526764476139e+26,-5.173671890687177e+25,0.0,0.44559546804955075,0.34253503525150764,0.8484848484848485,0.23203318720110389,-0.1,-0.1,0.37,0.3,1.2,sample
26,1559935349801.636,-7129323155063.059,751583548636.585,0.0,9.490669997942829e+25,-5.895685179678059e+26,9.828750933918872e+25,0.0,0.1838304661537254,0.27545812322371277,0.030303030303030304,0.8045551879327355,-0.1,-0.1,0.37,0.3,1.2,sample
27,27206259526658.043,-32024062586011.895,-0.01287777470458682,0.0,2.169592533713749e+27,-2.5659667390635263e+27,0.014386870772424096,0.0,0.8522090920951264,0.1817244016400525,0.4545454545454546,0.6175391954285504,-0.1,-0.1,0.37,0.3,1.2,sample
28,12527559151365.994,-18294969651236.715,949609443863.6808,0.0,1.0293554015920728e+27,-1.4475144384994652e+27,2.1784967275545563e+25,0.0,0.6437829605702313,0.24931241375874064,0.4646464646464647,0.5558241723946323,-0.1,-0.1,0.37,0.3,1.2,sample
29,-3202601172048.1426,-1615200606010.874,-0.05663950302143738,0.0,-1.3801588159336346e+26,-2.5835821382744007e+26,-0.09426121982129987,0.0,0.8324994220852394,0.9330926842318457,0.23232323232323235,0.25205957420135444,-0.1,-0.1,0.37,0.3,1.2,sample
30,-179637245295408.25,-195119105055290.62,-8525763256713.305,0.0,-1.5302968115697338e+28,-1.6384654179154262e+28,-7.48130338377736e+26,0.0,0.21130310401748326,0.31064351953174196,0.21212121212121213,0.0073284740158710004,-0.1,-0.1,0.37,0.3,1.2,sample
31,1611235197552.455,-6429036149939.519,0.06117036200097916,0.0,1.3328507150275506e+26,-5.2965917955878004e+26,0.0887354254574943,0.0,0.4505699109023287,0.3772908182764463,0.9292929292929294,0.24513145699695538,-0.1,-0.1,0.37,0.3,1.2,sample
32,16518853633435.113,-21336656872084.203,-0.16152051013137828,0.0,1.3841018002122652e+27,-1.780476076053815e+27,-0.17592079384566703,0.0,0.7581815116517585,0.2774735963497603,0.36363636363636365,0.35615350762293946,-0.1,-0.1,0.37,0.3,1.2,sample
33,-7232644068880.678,2414837273924.992,0.1144412329264113,0.0,-4.703658711225607e+26,7.399138462871056e+25,0.18831166304054325,0.0,0.6986786455056502,0.9298560227087338,0.5454545454545455,0.42865683317122166,-0.1,-0.1,0.37,0.3,1.2,sample
34,-11067326717231.074,6249523287205.115,0.0,0.0,-8.289132515066523e+26,4.3253901096746956e+26,0.0,0.0,0.902096956646316,0.5694722200356156,0.888888888888889,0.7315815656046245,-0.1,-0.1,0.37,0.3,1.2,sample
35,4760720405977.964,-9578525356472.107,-0.09232625406287365,0.0,2.2860760815808862e+26,-6.249820016179756e+26,-0.1896196915868796,0.0,0.17510751669566,0.3059160415155595,0.20202020202020204,0.3712113833633627,-0.1,-0.1,0.37,0.3,1.2,sample
36,-36240609595340.31,30084005177741.926,1338797703085.568,0.0,-2.871854209883715e+27,2.4288625393426026e+27,4.661714076561476e+25,0.0,0.09701037519030553,0.6168207814828057,0.686868686868687,0.5824759669663153,-0.1,-0.1,0.37,0.3,1.2,sample
37,-25570717342215.297,20752911930148.445,0.20308968646073716,0.0,-1.9650228152816837e+27,1.5686484318013592e+27,0.2841479350858331,0.0,0.3409867489429397,0.8054571601546878,0.27272727272727276,0.20913473057821508,-0.1,-0.1,0.37,0.3,1.2,sample
38,5354073457600.088,-9259292360432.695,-912583186942.1165,0.0,2.6101670136866795e+26,-6.36529080469073e+26,-2.086176107383694e+25,0.0,0.18546498872983685,0.273406198492931,0.5050505050505051,0.23663695987293376,-0.1,-0.1,0.37,0.3,1.2,sample
39,-23447686195763.418,18629880252424.305,-0.025611217035525796,0.0,-1.9678877425429368e+27,1.5715133013728328e+27,0.13092827443269844,0.0,0.15829264679919275,0.7763417799489487,0.29292929292929293,0.9550366155250354,-0.1,-0.1,0.37,0.3,1.2,sample
40,104853675045463.2,135385397627741.12,7324532829350.697,0.0,5.393410799315545e+27,7.974228100426206e+27,4.860038024664823e+26,0.0,0.30560367510547337,0.7671551449511773,0.4747474747474748,0.21721580034283555,-0.1,-0.1,0.37,0.3,1.2,sample
41,-13422485250063.84,9574768038396.967,-970086733198.1769,0.0,-1.113900196382851e+27,7.634052242702604e+26,-4.587929180547371e+25,0.0,0.12863935359233997,0.7245557593722391,0.010101010101010102,0.9105027740101984,-0.1,-0.1,0.37,0.3,1.2,sample
42,-12341824193750.947,8541829945485.988,-1017812688526.708,0.0,-8.781794297130547e+26,5.605991497294681e+26,-7.879426794465246e+25,0.0,0.5396420986243939,0.9718162929711716,0.18181818181818182,0.8220169328395613,-0.1,-0.1,0.37,0.3,1.2,sample
43,-16519079873779.879,11701277506011.098,-0.11458717470403795,0.0,-1.4863299212740362e+27,1.08995570203808e+27,-0.18392543888540602,0.0,0.3336814739095135,0.4922512013022541,0.8686868686868687,0.6885025438125141,-0.1,-0.1,0.37,0.3,1.2,sample
44,11455202836.356323,-4829258020048.911,0.04690586140340391,0.0,-7.3068329380165645e+25,-3.233058773435106e+26,0.02672675170251187,0.0,0.08168398209205585,0.22364577836647476,0.43434343434343436,0.3508750803367898,-0.1,-0.1,0.37,0.3,1.2,sample
45,-186038076544697.34,-205107152392047.7,-4462655228255.046,0.0,-1.649806691095985e+28,-1.7669218426375445e+28,-3.9162108001840726e+26,0.0,0.5011653871564786,0.0673042424842859,0.24242424242424243,0.013362039459576869,-0.1,-0.1,0.37,0.3,1.2,sample
46,1013252689725.4977,3134423029878.05,-8965478939863.055,0.0,2.245542673383593e+26,1.4303566519651571e+26,-7.639641170395689e+26,0.0,0.882539291101478,0.8361149732536193,0.020202020202020204,0.05219570351906855,-0.1,-0.1,0.37,0.3,1.2,sample
47,-9922422937633.379,5104623819278.15,0.46762792665402414,0.0,-7.469709419208725e+26,3.50596990624875e+26,0.7331494348383164,0.0,0.48874197114198903,0.554172938177695,0.5555555555555556,0.05518196279538545,-0.1,-0.1,0.37,0.3,1.2,sample
48,-19101300563682.246,14283499439947.986,0.13561886851835955,0.0,-1.5638764291888648e+27,1.1675024063129128e+27,0.2321603347406305,0.0,0.2667747882770847,0.9379430412916555,0.6464646464646465,0.16158531246804353,-0.1,-0.1,0.37,0.3,1.2,sample
49,14910284596845.863,-19180333473961.934,-547755542210.48553,0.0,9.765880284580593e+26,-1.3538613030845895e+27,-1.9101006103198857e+25,0.0,0.3031489920769729,0.013360176627322251,0.4444444444444445,0.59664284550607,-0.1,-0.1,0.37,0.3,1.2,sample
50,-12161466706910.043,7343663005000.356,0.18605794187451286,0.0,-9.905587481299053e+26,5.941845058560839e+26,0.29532669491740493,0.0,0.5797737432697836,0.9390642569091845,0.8787878787878789,0.2041251485909859,-0.1,-0.1,0.37,0.3,1.2,sample
51,6596233124554.98,-11414037739323.049,-0.002096480789880939,0.0,5.79109845179181e+26,-9.754841827622776e+26,0.00847125569246808,0.0,0.8986533824299819,0.27964825178611696,0.30303030303030304,0.28556677441946066,-0.1,-0.1,0.37,0.3,1.2,sample
52,39261063642249.125,-45906931038984.305,1828064198391.8108,0.0,3.1935525279284855e+27,-3.6885877436062444e+27,9.866094239206123e+25,0.0,0.9787335637085461,0.04310532737082201,0.8787878787878789,0.8797264347191682,-0.1,-0.1,0.37,0.3,1.2,sample
53,-3187145441791.93,-347577759177.91626,-1283082196362.3635,0.0,-1.2928673185409711e+26,-1.9417628143368752e+26,-7.291137534598631e+25,0.0,0.9188973994474894,0.41704261479633586,0.7777777777777778,0.7780890241309613,-0.1,-0.1,0.37,0.3,1.2,sample
54,-2067959250216.3384,-2749840270747.158,0.04667538685227,0.0,-6.153805946722734e+25,-3.348358887723625e+26,0.08255425898616103,0.0,0.8525608960754316,0.857528674438716,0.15151515151515152,0.44688484225564645,-0.1,-0.1,0.37,0.3,1.2,sample
55,17435091746902.877,-22252893814704.445,-0.04120993935820428,0.0,1.423873726572808e+27,-1.8202478687982628e+27,-0.0944675979149626,0.0,0.5340157343234844,0.18834501397205705,0.8585858585858587,0.5326646335085365,-0.1,-0.1,0.37,0.3,1.2,sample
56,13251806242580.898,-18069608427030.637,-0.11578062024875738,0.0,9.517777252319476e+26,-1.3481518955530886e+27,-0.03113241326994803,0.0,0.4504922889395718,0.04366074882598464,0.12121212121212122,0.5709224720514593,-0.1,-0.1,0.37,0.3,1.2,sample
57,111474826013.67188,-4929277122152.881,-0.23866791203222068,0.0,-1.1737854272176334e+26,-2.7899563784536863e+26,-0.48971748930168824,0.0,0.34900663954986066,0.2524498375698925,0.494949494949495,0.827711767238784,-0.1,-0.1,0.37,0.3,1.2,sample
58,21993063102768.64,-26810865361963.06,0.04799381113296316,0.0,1.8988083098342768e+27,-2.2951824538443577e+27,0.09012232755602534,0.0,0.9933997318931248,0.5161504899131228,0.5353535353535354,0.08902543304487937,-0.1,-0.1,0.37,0.3,1.2,sample
59,-10562296656984.84,5744491369842.463,0.07964366709583487,0.0,-8.954475019217957e+26,4.9907310605967475e+26,0.12238604944204921,0.0,0.3216475661139514,0.5958397415935035,0.5555555555555556,0.04976623651944473,-0.1,-0.1,0.37,0.3,1.2,sample
60,30502339521615.02,61635330716503.95,4794668017565.345,0.0,-3.8905317621143334e+26,2.198306426855927e+27,1.1022526081671714e+26,0.0,0.41312903694439906,0.5910321375167685,0.31313131313131315,0.1935531095724779,-0.1,-0.1,0.37,0.3,1.2,sample
61,11208094680796.223,-16025897714509.205,-0.07317634989616806,0.0,8.422009857145869e+26,-1.2385751947878856e+27,-0.1290895918486759,0.0,0.2721733448972474,0.23149016278299095,0.8484848484848485,0.6183349487387948,-0.1,-0.1,0.37,0.3,1.2,sample
62,-11865830786596.65,7048024798740.57,0.03161663798684122,0.0,-1.0694487456109298e+27,6.730742861718768e+26,0.11670865439637466,0.0,0.25448182948882897,0.6690957123126449,0.5757575757575758,0.14697759569251911,-0.1,-0.1,0.37,0.3,1.2,sample
63,11047358275201.006,-16513639580644.871,648477388308.3718,0.0,6.317061984817053e+26,-1.0376756438232081e+27,9.595140005902196e+24,0.0,0.2733695238585171,0.047547990286560815,0.21212121212121213,0.9209502868582372,-0.1,-0.1,0.37,0.3,1.2,sample
64,-22398577797445.523,16657133912940.309,923638926902.9116,0.0,-1.7335746008233942e+27,1.3165915221232765e+27,2.060870782823757e+25,0.0,0.43132615284805265,0.9920235159496553,0.07070707070707072,0.9708266760327753,-0.1,-0.1,0.37,0.3,1.2,sample
65,3731552143927.035,-8549356797588.874,-0.10613547228507643,0.0,2.2233057410266492e+26,-6.187048856488643e+26,-0.15978813974945455,0.0,0.47219701716639845,0.3431565520991352,0.15151515151515152,0.8480433483550809,-0.1,-0.1,0.37,0.3,1.2,sample
66,19165207460770.062,-22739491617351.055,-1243519104100.1243,0.0,1.5563765253304647e+27,-1.8448263014334788e+27,-1.0792448457771515e+26,0.0,0.6127502209188432,0.14404700159647282,0.7373737373737375,0.9159852784281423,-0.1,-0.1,0.37,0.3,1.2,sample
67,-2540614273868.091,-3493972125232.668,1216781488239.075,0.0,-8.517025202407131e+25,-4.6167857038377845e+26,1.5047448234399639e+26,0.0,0.8839976579521018,0.6271195687631436,0.06060606060606061,0.4023685173534367,-0.1,-0.1,0.37,0.3,1.2,sample
68,10203031892979.191,-15988318695607.57,967483249346.1868,0.0,8.677724132394832e+26,-1.3676853499034313e+27,1.0353871052181508e+26,0.0,0.9606472040310622,0.42163268932577336,0.42424242424242425,0.8971622818625169,-0.1,-0.1,0.37,0.3,1.2,sample
69,-34348892785812.656,29531089365534.89,0.37246255543417406,0.0,-2.6089130277624635e+27,2.2125387124247724e+27,0.555895651134035,0.0,0.0614935559020971,0.7997696590636987,0.5555555555555556,0.010965247160813096,-0.1,-0.1,0.37,0.3,1.2,sample
70,-39250809836614.73,34433005746484.793,0.026179497422971966,0.0,-2.913554425977953e+27,2.517180056165671e+27,0.06107015319005672,0.0,0.0614935559020971,0.7997696590636987,0.8484848484848485,0.746501707105746,-0.1,-0.1,0.37,0.3,1.2,sample
71,2058123703357.5137,-6875926607653.016,-0.05194504406104811,0.0,1.4123544980691134e+26,-5.376097168336492e+26,-0.061065814431371865,0.0,0.7486623566931667,0.5950139832499496,0.98989898989899,0.3774968100516187,-0.1,-0.1,0.37,0.3,1.2,sample
72,8083550406310.008,-12901357733626.768,-0.029152872517506968,0.0,4.408140766355812e+26,-8.371886154917133e+26,-0.11628308048410146,0.0,0.36768966584565566,0.28288307245188615,0.07070707070707072,0.262017011849291,-0.1,-0.1,0.37,0.3,1.2,sample
73,-31203478290163.137,26385672431482.207,0.18755556045739738,0.0,-2.5166572825961583e+27,2.1202828466159865e+27,0.2723458015329844,0.0,0.041516355484450485,0.9274891333588554,0.595959595959596,0.46816745473755245,-0.1,-0.1,0.37,0.3,1.2,sample
74,2361361659939.5664,-7179165433446.453,-0.8407064833109373,0.0,2.9793311142386657e+26,-6.943074040243348e+26,-1.2742739963865635,0.0,0.5654000555929369,0.4528860927471983,0.8989898989898991,0.9139505217705923,-0.1,-0.1,0.37,0.3,1.2,sample
75,-126481323327438.64,-115990907416777.94,-9258777088971.889,0.0,-7.281013479752195e+27,-6.234713209326205e+27,-5.1686915860817964e+26,0.0,0.2500662632234142,0.43342762361703824,0.30303030303030304,0.4241607875611938,-0.1,-0.1,0.37,0.3,1.2,sample
76,17183231247.313232,-5818953495199.379,983968931715.6384,0.0,-1.8975173672960585e+26,-2.7746998973430782e+26,7.0847581245505165e+25,0.0,0.3769577366976217,0.43293113610150913,0.9494949494949496,0.6800055661405949,-0.1,-0.1,0.37,0.3,1.2,sample
77,179777634018696.22,187587771075989.12,2340774875799.1743,0.0,1.5188292005347963e+28,1.5591127762550288e+28,1.960741741579651e+26,0.0,0.8024344724644663,0.8977296816235344,0.8383838383838385,0.2984348325262572,-0.1,-0.1,0.37,0.3,1.2,sample
78,-6550678103188.0,1732874660537.8142,0.04905275719884299,0.0,-6.729312648336009e+26,2.7655704009635707e+26,0.0860796144472705,0.0,0.05407314500236854,0.33101969564882294,0.29292929292929293,0.09495595587421396,-0.1,-0.1,0.37,0.3,1.2,sample
79,-13977185138183.824,9159381173720.293,-0.0731991435332512,0.0,-1.1624178377582273e+27,7.66043583537859e+26,-0.08824319015637215,0.0,0.4574163279029064,0.7301362590102374,0.6464646464646465,0.08298879220208294,-0.1,-0.1,0.37,0.3,1.2,sample
80,-16336644102576.73,11936714931704.756,-417875361862.28186,0.0,-1.1135972398415374e+27,7.967755822570799e+26,-7.955271302122565e+25,0.0,0.6177300393934635,0.8227217118370982,0.6060606060606061,0.8530560315071463,-0.1,-0.1,0.37,0.3,1.2,sample
81,7282048376142.672,-12099856391000.363,-0.005244800354826138,0.0,6.544546005492501e+26,-1.0508292029876721e+27,-0.022945249526461868,0.0,0.8113886210155731,0.494125169778416,0.8585858585858587,0.5731993771286829,-0.1,-0.1,0.37,0.3,1.2,sample
82,-511020354369.9761,-6655439254131.453,2348657877807.4854,0.0,4.16172852564724e+25,-5.4572322536483075e+26,1.0773178718687695e+26,0.0,0.7049137072546895,0.6409197708968734,0.9393939393939394,0.24131525049009633,-0.1,-0.1,0.37,0.3,1.2,sample
83,-12666114563720.357,7848310229593.348,0.06006852682063121,0.0,-1.0688609350902199e+27,6.724866307513049e+26,0.0965190852779072,0.0,0.47270357408443403,0.670380168781234,0.5555555555555556,0.47918735933162193,-0.1,-0.1,0.37,0.3,1.2,sample
84,11343388406360.424,-17120866046844.725,959674432073.7728,0.0,1.0033358701552248e+27,-1.4219598664529719e+27,2.224976237040125e+25,0.0,0.8163164975880308,0.3778204642439254,0.17171717171717174,0.16504972052808026,-0.1,-0.1,0.37,0.3,1.2,sample
85,-34922654637733.22,30104848706271.24,0.03488261488970076,0.0,-2.8457505208065237e+27,2.4493760776611166e+27,0.027369696366034466,0.0,0.1669455547000731,0.8840771095796337,0.393939393939394,0.30828340657108433,-0.1,-0.1,0.37,0.3,1.2,sample
86,-568541563662.3242,-4249264698598.091,0.0008694599935378111,0.0,1.3685796134718305e+25,-4.1006021839383957e+26,0.0004883598587231042,0.0,0.8895413626448494,0.5768608120950633,0.4747474747474748,0.6760625794643643,-0.1,-0.1,0.37,0.3,1.2,sample
87,-12920953142036.55,8103151735659.7,0.3875721404136613,0.0,-9.676849391790768e+26,5.713108042047735e+26,0.5160953977521775,0.0,0.6164998546232513,0.9198092484818882,0.797979797979798,0.4592289832381986,-0.1,-0.1,0.37,0.3,1.2,sample
88,128325970645798.72,105222269288398.44,1666895419225.0566,0.0,7.290181645718094e+27,5.110229643630119e+27,8.948801134291477e+25,0.0,0.8806914740555118,0.412995668895483,0.5151515151515152,0.3761718147601777,-0.1,-0.1,0.37,0.3,1.2,sample
89,17699461148889.863,-21066678878554.668,-1450590324917.0159,0.0,1.2133346413991828e+27,-1.5315739699123786e+27,-7.813526815265936e+25,0.0,0.1956110054850938,0.11054019010083543,0.686868686868687,0.8044819012171944,-0.1,-0.1,0.37,0.3,1.2,sample
90,-174118221265457.12,-217082311512886.62,-647668471944.6534,0.0,-1.5562535946121809e+28,-1.833178434566969e+28,-9.571033111295117e+24,0.0,0.3699953637741008,0.09052887652474162,0.11111111111111112,0.04023303017171387,-0.1,-0.1,0.37,0.3,1.2,sample
91,-172911729987958.56,-214495156354332.97,-4441313594594.673,0.0,-1.538347378722931e+28,-1.8136455079543508e+28,-3.839623587091181e+26,0.0,0.3699953637741008,0.09052887652474162,0.6464646464646465,0.7115794737276335,-0.1,-0.1,0.37,0.3,1.2,sample
92,-2342292005127.1006,2175437011392.332,-4650947454721.592,0.0,-9.002382367109503e+25,1.0603177905903772e+26,-4.1238213328142615e+26,0.0,0.6446815726939038,0.5596911982650548,0.010101010101010102,0.7574683777572551,-0.1,-0.1,0.37,0.3,1.2,sample
93,-9140013960859.49,4322210062377.25,-0.006849407160126822,0.0,-6.376899592821843e+26,2.413157073192413e+26,-0.013851156712425716,0.0,0.5934073274492455,0.8474683436268474,0.5353535353535354,0.0571400877034875,-0.1,-0.1,0.37,0.3,1.2,sample
94,17483672174408.39,-22301479660817.766,-0.21377777698172104,0.0,1.2792123815929667e+27,-1.675586898602605e+27,-0.3420784402978862,0.0,0.6204438703521831,0.004308819579719736,0.17171717171717174,0.034370791761400954,-0.1,-0.1,0.37,0.3,1.2,sample
95,-9868677006830.719,5050873163342.232,0.2526755306829557,0.0,-6.275438910612075e+26,2.31169634431137e+26,0.41803150725143806,0.0,0.6579754782103908,0.8198905567676407,0.6666666666666667,0.19936062158566326,-0.1,-0.1,0.37,0.3,1.2,sample
96,-188622911650496.6,-198465076750921.4,-5239730393103.465,0.0,-1.6500821054390703e+28,-1.7034369499181347e+28,-4.523228476831802e+26,0.0,0.10786067588537424,0.10108637881928695,0.5252525252525253,0.5866473338430584,-0.1,-0.1,0.37,0.3,1.2,sample
97,11116028679175.283,-14767348094865.748,-1166485107970.1692,0.0,8.237996197746367e+26,-1.1215708396812369e+27,-9.860311062903994e+25,0.0,0.3136654146452814,0.06388557591247995,0.48484848484848486,0.2609297179602774,-0.1,-0.1,0.37,0.3,1.2,sample
98,-13356326750341.682,8538521820877.634,0.05311788028284707,0.0,-1.1359263570307046e+27,7.395519914616906e+26,0.10342604591603193,0.0,0.48236990706729044,0.7266781708947498,0.8787878787878789,0.38316638538029446,-0.1,-0.1,0.37,0.3,1.2,sample
99,-23344761484225.24,17577346597257.92,949609443863.9998,0.0,-1.9266165106541615e+27,1.5084570812443647e+27,2.1784967275545563e+25,0.0,0.16064291831310434,0.927805876977446,0.797979797979798,0.018418634273416334,-0.1,-0.1,0.37,0.3,1.2,sample
0,-22837705127693.703,12483524162028.492,3977438598647.7114,11933642579210.861,-2.5937743171117817e+27,2.74698667745249e+27,2.3631214418580208e+26,-1.9924007315675155e+26,0.19868062590289348,0.7119513899644774,0.07070707070707072,0.09540420052626208,-0.1,-0.1,0.37,0.3,1.2,lime
1,19144648686734.914,21992909141186.637,-21565133034604.453,-1467570052021.2488,3.36170110599114e+27,2.2708723900219556e+27,5.961190401349721e+26,-4.950993316919703e+26,0.8995302078943164,0.7107432706182953,0.4040404040404041,0.3542710200958331,-0.1,-0.1,0.37,0.3,1.2,lime
2,21173061182489.355,-33350791476705.438,166439752469.81076,-6176353887402.783,2.709750453703478e+27,-2.2860382183594083e+27,1.0190799100699942e+26,-5.191153813338416e+24,0.8650259436160623,0.24945573920442243,0.9494949494949496,0.9371328499953259,-0.1,-0.1,0.37,0.3,1.2,lime
3,-7403413056703.932,24933696622217.203,2036191051459.9006,6459880315952.955,3.479439075801366e+26,3.014216353070576e+27,-8.524539049703514e+26,1.0084017197375745e+27,0.39854823887698665,0.8637326440729247,0.13131313131313133,0.18491755281151911,-0.1,-0.1,0.37,0.3,1.2,lime
4,-6337881987159.077,29322156482930.98,7020531848174.298,2533757826073.6235,-9.634788501163228e+26,1.7983061954728028e+27,-1.0067936096610257e+27,4.756384487131106e+26,0.41804301370817454,0.5470168674541854,0.4545454545454546,0.6062144347993866,-0.1,-0.1,0.37,0.3,1.2,lime
5,17470965484532.68,41987944725601.48,9954382989865.799,-9075095479339.203,1.0814100749499117e+27,2.3904066702712556e+27,-1.936039049827206e+26,-2.3814771142692136e+26,0.8817915260658846,0.8394753974414186,0.06060606060606061,0.8432826229406616,-0.1,-0.1,0.37,0.3,1.2,lime
6,-31914677468276.508,-10182540345201.926,-11899857535833.04,-5738626914804.364,-3.92527423514399e+27,-1.1087651419040633e+27,-5.139564143703038e+26,2.708277959868926e+26,0.1774030360699519,0.3038025272160778,0.33333333333333337,0.9144677841464401,-0.1,-0.1,0.37,0.3,1.2,lime
7,-38535167055411.42,-3422196630638.5894,7470510825371.573,7647933871311.698,-1.9699976402995535e+27,-1.1903271278325266e+27,9.089286539344683e+26,-4.056518346980529e+26,0.1774030360699519,0.3038025272160778,0.686868686868687,0.7700102654203885,-0.1,-0.1,0.37,0.3,1.2,lime
8,25917944437498.906,-36483844186295.75,8391428244135.76,-3332913682623.6875,1.2371927659498484e+26,-3.16165045640372e+27,-1.2429639691366207e+27,1.9680011530926412e+26,0.632984389922161,0.052763072800039945,0.797979797979798,0.14484866303879623,-0.1,-0.1,0.37,0.3,1.2,lime
9,15176352935392.096,49726673929078.79,8862667308770.47,5996812365350.418,6.96497406056399e+26,3.774705928739717e+27,-4.717989113020058e+26,1.3067083565786793e+26,0.5257983708420308,0.7922908262542482,0.05050505050505051,0.2634427967593872,-0.1,-0.1,0.37,0.3,1.2,lime
10,-20959556344639.016,35876858160354.555,-9769387819377.643,-2947721363094.26,-2.850630968998969e+27,4.4566571738043055e+27,6.311569381778971e+26,-9.292833066337495e+26,0.1832493037047505,0.894380801254377,0.696969696969697,0.5655114705065325,-0.1,-0.1,0.37,0.3,1.2,lime
11,-15944730079321.756,26929844981638.543,5233246541517.19,8114480152474.748,5.312808905193045e+25,5.711745267505365e+26,-9.653476968998584e+26,3.215957450680013e+26,0.4108517344713883,0.602518325333889,0.5151515151515152,0.9901130277076038,-0.1,-0.1,0.37,0.3,1.2,lime
12,13201675566483.535,-25183611689112.773,-5514611729371.753,11842299998518.73,5.80264002855716e+26,-8.993898120561298e+26,8.966816067276729e+26,-9.489101971444386e+26,0.4874055723522688,0.3653678469161593,0.10101010101010102,0.8829481042954963,-0.1,-0.1,0.37,0.3,1.2,lime
13,23453649415322.22,-11517518725128.326,1281172204319.6736,10800699814922.37,3.2762571680252514e+27,-1.1766166768049522e+27,-1.1305232829627837e+27,-1.5369219815078124e+27,0.8823223052095199,0.3433703830584105,0.26262626262626265,0.8860729362982869,-0.1,-0.1,0.37,0.3,1.2,lime
14,-32059931579687.71,27985559533817.805,-3163427183567.9434,-3391722264667.9194,-3.20055430556428e+27,2.4758275020361012e+27,3.988047863791676e+26,-1.7095467120833e+26,0.04940052600415168,0.4998742730867418,0.13131313131313133,0.003597267576057106,-0.1,-0.1,0.37,0.3,1.2,lime
15,-15687384105698.836,-38624612610546.88,-16972443860397.52,-8650873388136.65,-1.5799027356982683e+27,-2.5077544331013005e+27,4.730986045632563e+26,2.8474126461860438e+26,0.3477163755212917,0.03396700736678537,0.7373737373737375,0.41362220731758814,-0.1,-0.1,0.37,0.3,1.2,lime
16,8273234760177.761,-29876515820928.047,4686354843791.531,7293276000046.623,1.4425757080230017e+27,-3.591472904978938e+27,-1.1976606556175155e+27,-3.262626064494553e+26,0.978254713552029,0.26316593371029096,0.6161616161616162,0.22418934551777897,-0.1,-0.1,0.37,0.3,1.2,lime
17,18374424636976.848,31860162086110.387,1222390093207.5427,-11007177057669.61,8.455051673475747e+26,1.8117005412010416e+27,-9.648500297525647e+26,-6.913778107875708e+26,0.5064047673880926,0.9251354235123781,0.8080808080808082,0.015013910180044221,-0.1,-0.1,0.37,0.3,1.2,lime
18,-23665606940387.29,26204861951228.984,-530825215056.15564,-9762178703504.984,-1.5921555381739547e+27,1.6747065673385515e+27,-3.501323241765953e+26,-9.224857728783761e+26,0.23002344450114348,0.7669138171538847,0.32323232323232326,0.8974972190167196,-0.1,-0.1,0.37,0.3,1.2,lime
19,32204771882721.71,-46861934202575.68,9969033019394.184,-5047639903475.202,2.9876957517678166e+27,-4.524905920091785e+27,7.029481497686636e+26,4.2454242934419153e+26,0.7552117489261152,0.018092986384941,0.6666666666666667,0.4755603943370617,-0.1,-0.1,0.37,0.3,1.2,lime
20,47265735702319.305,-13562796395931.186,-5251838957597.533,7317809684858.325,2.4092534755592275e+27,-1.6126808391332562e+27,-9.944891238763955e+25,-8.803397393100627e+26,0.9541138881185778,0.4759811919375402,0.4646464646464647,0.519116279148548,-0.1,-0.1,0.37,0.3,1.2,lime
21,2314755941258.4844,-5005638015560.051,144749634513.5837,-17128732101926.908,-1.883882201322959e+26,-1.5607558228803533e+26,-1.5255336826913814e+26,2.227293996213589e+26,0.6218207610725941,0.3569949672281153,0.33333333333333337,0.42713885603804724,-0.1,-0.1,0.37,0.3,1.2,lime
22,11032586816459.645,-42273247767507.69,6283651715025.558,-2597189911075.6284,7.654977267890405e+26,-2.6006679396868117e+27,1.1152932000570289e+27,3.3514040113686836e+26,0.7312237175865189,0.27067362032910813,0.08080808080808081,0.7012011118502326,-0.1,-0.1,0.37,0.3,1.2,lime
23,5553810997194.229,-35754304037582.914,1879697385357.2324,-5206004819338.049,1.0491213952354334e+27,-3.170113565055605e+27,-6.830250600210397e+26,-8.259303072001894e+26,0.7312237175865189,0.27067362032910813,0.686868686868687,0.5120015935800684,-0.1,-0.1,0.37,0.3,1.2,lime
24,-11307290558491.219,39292071822045.22,40860136409.77031,-7907528805570.55,-1.0537668921924988e+27,2.2075894577221028e+27,1.052107676152762e+27,-2.59815480456626e+26,0.20383266978087633,0.9616187527413549,0.23232323232323235,0.4159423845618756,-0.1,-0.1,0.37,0.3,1.2,lime
25,-21233820418743.17,-13721821031286.607,11502679435735.965,4060836292045.3726,-3.297171420869915e+26,-5.7354113905948054e+26,-1.5952752839051163e+26,5.570025686953698e+26,0.44559546804955075,0.34253503525150764,0.8484848484848485,0.23203318720110389,-0.1,-0.1,0.37,0.3,1.2,lime
26,-12203710626488.07,-7628144737964.861,-5644550429314.471,-9374829692634.957,-2.882883277267228e+27,-1.4785742981021194e+27,-2.1221440680997408e+27,1.1991178139728496e+27,0.1838304661537254,0.27545812322371277,0.030303030303030304,0.8045551879327355,-0.1,-0.1,0.37,0.3,1.2,lime
27,34864769543722.582,-63725008859000.43,-15200305665515.621,-133419468339.66591,1.3341157189285524e+27,-3.109980229226235e+27,1.0806051266038336e+27,1.1107744756355549e+27,0.8522090920951264,0.1817244016400525,0.4545454545454546,0.6175391954285504,-0.1,-0.1,0.37,0.3,1.2,lime
28,13770010394789.562,-62497643930642.95,-3443904224386.6733,-5087525577326.292,3.407927990237526e+26,-2.266874715435705e+27,5.6207435385065535e+26,1.3679353687921457e+26,0.6437829605702313,0.24931241375874064,0.4646464646464647,0.5558241723946323,-0.1,-0.1,0.37,0.3,1.2,lime
29,32971703014353.543,34824863034051.49,-17977222361073.52,16499154432089.373,2.603137455348217e+27,2.0844659007358152e+27,1.541174381110008e+27,1.340724121303905e+27,0.8324994220852394,0.9330926842318457,0.23232323232323235,0.25205957420135444,-0.1,-0.1,0.37,0.3,1.2,lime
30,-31036572779699.387,-5096030928566.74,1360081187572.767,5546980563432.038,-3.2430857448194703e+27,-1.4478507113858306e+27,-1.2704589447146382e+27,1.1284696694990735e+27,0.21130310401748326,0.31064351953174196,0.21212121212121213,0.0073284740158710004,-0.1,-0.1,0.37,0.3,1.2,lime
31,-6750523922472.806,-11803319615476.586,-196752761115.99286,10429831186984.41,-7.97172811121148e+26,-1.8753967597245804e+27,1.7243467525799763e+26,2.5344983877703898e+26,0.4505699109023287,0.3772908182764463,0.9292929292929294,0.24513145699695538,-0.1,-0.1,0.37,0.3,1.2,lime
32,46067393235193.25,-26668054566831.062,-8477401000720.384,9789233385255.422,2.1760310517868445e+27,-1.3909970285211443e+27,3.1959801350335787e+25,-1.1469088052793333e+27,0.7581815116517585,0.2774735963497603,0.36363636363636365,0.35615350762293946,-0.1,-0.1,0.37,0.3,1.2,lime
33,18262085317707.55,39076831104221.914,4693341256658.145,-3129785834765.0737,1.6589992822241035e+27,3.295010562921995e+27,6.269841245769709e+25,1.8309971842922302e+27,0.6986786455056502,0.9298560227087338,0.5454545454545455,0.42865683317122166,-0.1,-0.1,0.37,0.3,1.2,lime
34,54235458889838.016,33705312442961.016,-8320809231414.725,-20467188430909.06,3.615410723889464e+27,2.2997758086269448e+27,-1.3235813254832544e+27,-4.229183356221299e+26,0.902096956646316,0.5694722200356156,0.888888888888889,0.7315815656046245,-0.1,-0.1,0.37,0.3,1.2,lime
35,-16231262564789.82,-16123086748921.172,-16378108743030.418,-902187160034.4618,-2.5547434590803736e+27,-9.192300146709732e+26,-1.415043167617469e+27,-3.360382496084861e+26,0.17510751669566,0.3059160415155595,0.20202020202020204,0.3712113833633627,-0.1,-0.1,0.37,0.3,1.2,lime
36,-19557958378877.08,37996903531160.914,-3800021506255.4326,2275553908097.828,-2.2228800575568628e+27,2.1676298997014666e+27,-2.2769946115153795e+26,7.589626374423501e+26,0.09701037519030553,0.6168207814828057,0.686868686868687,0.5824759669663153,-0.1,-0.1,0.37,0.3,1.2,lime
37,-13845453488615.254,35807995637144.06,13206238979944.594,-15273632114341.295,-1.3521345959334608e+27,2.6950379436876665e+27,8.483497853024265e+26,1.250680200377064e+27,0.3409867489429397,0.8054571601546878,0.27272727272727276,0.20913473057821508,-0.1,-0.1,0.37,0.3,1.2,lime
38,-17031484670320.148,-13738888151409.863,10067045942280.08,-2122117150164.8154,-1.4494774119680962e+27,2.0801743072765717e+26,-1.253947081762628e+27,-9.917618423650772e+26,0.18546498872983685,0.273406198492931,0.5050505050505051,0.23663695987293376,-0.1,-0.1,0.37,0.3,1.2,lime
39,-24799310056814.7,16508447337341.68,22453425859670.402,-15789976006508.701,-2.6920219942837943e+27,2.3592653425433943e+27,1.027239138399341e+27,-9.502023170256763e+26,0.15829264679919275,0.7763417799489487,0.29292929292929293,0.9550366155250354,-0.1,-0.1,0.37,0.3,1.2,lime
40,-6367700888673.127,9505859139632.23,13451859962301.797,5040933984660.244,-7.818482346036434e+26,1.8466839501502041e+27,5.954775167109154e+26,1.014517753185954e+27,0.30560367510547337,0.7671551449511773,0.4747474747474748,0.21721580034283555,-0.1,-0.1,0.37,0.3,1.2,lime
41,-20727301297945.746,31358800101538.207,-11874022406466.092,9119380918873.57,-1.5384387015021955e+27,1.7381919430330902e+27,-2.7994008196002305e+26,-9.052089007780105e+25,0.12863935359233997,0.7245557593722391,0.010101010101010102,0.9105027740101984,-0.1,-0.1,0.37,0.3,1.2,lime
42,5359932649268.347,42185445764719.36,-3879933122499.6797,2695369013431.685,8.407830131107183e+26,3.230250654883252e+27,7.815645289047897e+26,-2.475641069010287e+26,0.5396420986243939,0.9718162929711716,0.18181818181818182,0.8220169328395613,-0.1,-0.1,0.37,0.3,1.2,lime
43,-4059771570550.9385,-5880841350669.438,-10072872016464.166,10155854811128.773,-1.9795615401486803e+27,-4.606914250219309e+26,-1.1612506456454835e+27,4.549560706982087e+26,0.3336814739095135,0.4922512013022541,0.8686868686868687,0.6885025438125141,-0.1,-0.1,0.37,0.3,1.2,lime
44,-15412226777347.377,-48635642682393.99,16834877310615.21,15284325470086.965,-2.3417167963812685e+27,-3.74392221617214e+27,1.7217620110651134e+26,-2.3906861922590013e+26,0.08168398209205585,0.22364577836647476,0.43434343434343436,0.3508750803367898,-0.1,-0.1,0.37,0.3,1.2,lime
45,32213613007963.07,-55626170097094.89,-17265268989407.457,-12734930951502.498,-4.245087126824509e+26,-3.571961766866338e+27,-6.188260388674937e+26,-1.3049298119627578e+27,0.5011653871564786,0.0673042424842859,0.24242424242424243,0.013362039459576869,-0.1,-0.1,0.37,0.3,1.2,lime
46,26281917734921.11,34894701148817.31,15761658783153.467,19272908500527.46,1.921088605357324e+27,3.085800681175089e+27,-1.4311413640955182e+27,-1.4427725912697281e+26,0.882539291101478,0.8361149732536193,0.020202020202020204,0.05219570351906855,-0.1,-0.1,0.37,0.3,1.2,lime
47,-834499816005.5919,15253896433796.02,-10395111341444.03,7698379965287.826,2.020055318387721e+26,4.156707199807603e+26,-6.61893425105201e+26,6.839991093594191e+26,0.48874197114198903,0.554172938177695,0.5555555555555556,0.05518196279538545,-0.1,-0.1,0.37,0.3,1.2,lime
48,1246396076385.6062,25842304417751.07,-1180155335752.3708,-8523424405069.041,-1.1013126320352698e+27,3.50214723242395e+27,3.6898512124984454e+26,2.9848828813630325e+26,0.2667747882770847,0.9379430412916555,0.6464646464646465,0.16158531246804353,-0.1,-0.1,0.37,0.3,1.2,lime
49,-7725304516961.819,-70662080589496.84,10734522988654.316,-848316237549.9287,-6.089289367145537e+26,-2.88737979443237e+27,-3.570040417626115e+26,1.1809628283912918e+27,0.3031489920769729,0.013360176627322251,0.4444444444444445,0.59664284550607,-0.1,-0.1,0.37,0.3,1.2,lime
50,-11073066456600.643,49991050233446.22,8465464674504.4,-10448541622261.05,1.8709764720391732e+27,2.916000779661125e+27,6.477242342381781e+26,-2.7797615243405447e+26,0.5797737432697836,0.9390642569091845,0.8787878787878789,0.2041251485909859,-0.1,-0.1,0.37,0.3,1.2,lime
51,31110320591675.703,-4565804421918.915,1623273711028.9097,2654138504338.4287,2.656766921321058e+27,-1.9605224321490352e+27,-4.104276873758334e+26,2.6194719701668174e+26,0.8986533824299819,0.27964825178611696,0.30303030303030304,0.28556677441946066,-0.1,-0.1,0.37,0.3,1.2,lime
52,16227914733479.434,-34976217494724.69,-682129051619.716,4148140047849.143,1.495950589240903e+27,-2.9627206814303375e+27,5.372018910378686e+26,2.8945786330634442e+26,0.9787335637085461,0.04310532737082201,0.8787878787878789,0.8797264347191682,-0.1,-0.1,0.37,0.3,1.2,lime
53,30898836799640.215,-16577461467174.96,-14260210219456.838,3874175639732.168,1.646453765597405e+27,-1.6099377457390245e+27,-1.0760863575735377e+26,9.723646150634334e+26,0.9188973994474894,0.41704261479633586,0.7777777777777778,0.7780890241309613,-0.1,-0.1,0.37,0.3,1.2,lime
54,38529999764364.65,43158760215036.64,-13027533450622.549,-113112622817.03761,1.9662224591327623e+27,1.8917368457634845e+27,2.3277503639860707e+26,-1.173524076332381e+27,0.8525608960754316,0.857528674438716,0.15151515151515152,0.44688484225564645,-0.1,-0.1,0.37,0.3,1.2,lime
55,11768000775457.242,-43052488479908.984,-18528025818168.125,18473549983007.812,8.034941838079878e+26,-2.7720079516455245e+27,-6.955014418239522e+26,1.5737853289793886e+27,0.5340157343234844,0.18834501397205705,0.8585858585858587,0.5326646335085365,-0.1,-0.1,0.37,0.3,1.2,lime
56,-5028133332841.0205,-45255158577693.586,-3535531739504.7275,-672980546328.9585,-1.3572175354829176e+27,-4.455754688676961e+27,1.446697149745546e+27,-6.274206687718671e+26,0.4504922889395718,0.04366074882598464,0.12121212121212122,0.5709224720514593,-0.1,-0.1,0.37,0.3,1.2,lime
57,-7180173292636.136,-44728500302789.26,8085863172493.134,-5903675212622.925,-5.4126800961341546e+26,-3.0412412413915447e+27,4.9536028160832035e+26,-1.729517527864264e+26,0.34900663954986066,0.2524498375698925,0.494949494949495,0.827711767238784,-0.1,-0.1,0.37,0.3,1.2,lime
58,44013051163788.664,30224475368868.06,-7805674290263.109,-117582640375.77972,2.503023781457318e+27,2.0262718501096908e+27,2.757501911730757e+26,-6.570683162264665e+26,0.9933997318931248,0.5161504899131228,0.5353535353535354,0.08902543304487937,-0.1,-0.1,0.37,0.3,1.2,lime
59,-16918121941939.982,7353440119725.324,11256380238689.357,11163146550450.15,-1.332048835425332e+27,1.922243199190047e+27,-2.298839302725942e+26,-3.619970571062832e+26,0.3216475661139514,0.5958397415935035,0.5555555555555556,0.04976623651944473,-0.1,-0.1,0.37,0.3,1.2,lime
60,1057782833840.0773,16275540448211.29,6150726839971.84,868063047886.2828,-1.250575894874597e+27,1.8517884324103447e+27,2.3954062852363093e+26,-1.3620455333796497e+27,0.41312903694439906,0.5910321375167685,0.31313131313131315,0.1935531095724779,-0.1,-0.1,0.37,0.3,1.2,lime
61,132648232104.83115,-38917736598537.266,-257748644239.13568,-11456762003306.346,-7.615078657597805e+26,-3.3476773144732035e+27,-1.097652194610686e+27,-1.0558359736804935e+27,0.2721733448972474,0.23149016278299095,0.8484848484848485,0.6183349487387948,-0.1,-0.1,0.37,0.3,1.2,lime
62,-43484041272828.89,17057898115752.635,4223532936925.3096,-7784746243417.655,-1.5133594694090392e+27,1.5852816115171894e+27,4.514931203911842e+26,-1.1520215368726393e+26,0.25448182948882897,0.6690957123126449,0.5757575757575758,0.14697759569251911,-0.1,-0.1,0.37,0.3,1.2,lime
63,-13952842401561.975,-53459164931153.71,1822389904158.8032,15055707348675.361,-8.303659975908935e+26,-2.3856527176180938e+27,1.2199954797065409e+26,-4.5892081677488756e+26,0.2733695238585171,0.047547990286560815,0.21212121212121213,0.9209502868582372,-0.1,-0.1,0.37,0.3,1.2,lime
64,-12094308476072.389,19843613175608.3,7877326686509.18,2191420911006.3245,-1.8721629707619975e+27,2.6497349015446255e+27,-2.6718984164878485e+26,8.571650435719756e+26,0.43132615284805265,0.9920235159496553,0.07070707070707072,0.9708266760327753,-0.1,-0.1,0.37,0.3,1.2,lime
65,-8719887886282.624,-31026299360661.992,-13151902695508.336,-3426946756099.8125,-1.6233909091144376e+27,-7.431475046423216e+26,7.12871866069185e+26,4.370095203253329e+26,0.47219701716639845,0.3431565520991352,0.15151515151515152,0.8480433483550809,-0.1,-0.1,0.37,0.3,1.2,lime
66,13206465943422.355,-35664427278457.9,-18268518852807.566,-9675825337548.68,8.457231143179291e+26,-2.3505988724609702e+27,-6.032776183217113e+26,-1.061495440985478e+27,0.6127502209188432,0.14404700159647282,0.7373737373737375,0.9159852784281423,-0.1,-0.1,0.37,0.3,1.2,lime
67,22982013769306.832,27843885471522.254,-15121506129641.748,3478829527253.9336,2.4343068609258483e+27,3.6346619181075494e+26,1.0273762989980759e+27,-1.601759489612501e+26,0.8839976579521018,0.6271195687631436,0.06060606060606061,0.4023685173534367,-0.1,-0.1,0.37,0.3,1.2,lime
68,31025119070424.375,-18671800297718.5,-7276899516642.529,2691572661728.2827,3.0312714782130327e+27,-1.0805771420273925e+24,1.680531110955788e+26,4.2926818206132325e+26,0.9606472040310622,0.42163268932577336,0.42424242424242425,0.8971622818625169,-0.1,-0.1,0.37,0.3,1.2,lime
69,-19608711444665.125,38135072284992.02,-8310816804531.603,6908493354115.789,-2.9017083069227736e+27,1.9727470702104685e+27,-7.980651327559361e+26,-9.607332040398079e+26,0.0614935559020971,0.7997696590636987,0.5555555555555556,0.010965247160813096,-0.1,-0.1,0.37,0.3,1.2,lime
70,-20076967020351.203,41296482214572.26,-5610164745000.047,2998441769229.2627,-2.737721166273668e+27,2.249663255570948e+27,-2.246063596685542e+26,-4.00874932227949e+26,0.0614935559020971,0.7997696590636987,0.8484848484848485,0.746501707105746,-0.1,-0.1,0.37,0.3,1.2,lime
71,37877275293771.44,33263956482162.56,-26887309438376.656,-10074378156982.121,3.0135191323875393e+27,2.760594227761961e+27,-9.773138694651649e+26,4.453607340554418e+26,0.7486623566931667,0.5950139832499496,0.98989898989899,0.3774968100516187,-0.1,-0.1,0.37,0.3,1.2,lime
72,-8650472944684.125,-8201448477582.34,8069725403817.834,-3644571829121.0327,-1.1327484068460909e+27,-5.961315291272589e+26,-1.039750736196833e+26,1.2258331861411325e+27,0.36768966584565566,0.28288307245188615,0.07070707070707072,0.262017011849291,-0.1,-0.1,0.37,0.3,1.2,lime
73,-4324587272521.696,41981077731145.55,-2285836328402.4893,8559313117697.034,-2.9727449404982047e+27,3.2002795643564415e+27,5.09501303520418e+26,-8.906262404881038e+26,0.041516355484450485,0.9274891333588554,0.595959595959596,0.46816745473755245,-0.1,-0.1,0.37,0.3,1.2,lime
74,20854046037313.293,-16125316313501.445,12758714640548.686,-952335723789.5278,7.815085583042965e+26,-2.4315597114773136e+27,-3.0916308636716633e+26,-1.6156849570604595e+27,0.5654000555929369,0.4528860927471983,0.8989898989898991,0.9139505217705923,-0.1,-0.1,0.37,0.3,1.2,lime
75,-35835214708483.98,-23196553037141.08,-16190397048851.56,16031649992340.826,-2.4711144811265578e+27,-7.507386262608084e+26,2.0222570458603905e+26,4.337621873066118e+25,0.2500662632234142,0.43342762361703824,0.30303030303030304,0.4241607875611938,-0.1,-0.1,0.37,0.3,1.2,lime
76,-3297556831246.614,-13518493328892.283,2730602650550.6084,15022791465580.496,-1.4401912121121864e+27,-9.39070193746017e+26,9.565494811428179e+26,-1.2063618752070974e+27,0.3769577366976217,0.43293113610150913,0.9494949494949496,0.6800055661405949,-0.1,-0.1,0.37,0.3,1.2,lime
77,33848420228399.76,45723436809960.34,-7885317355326.003,1602173293364.983,1.7101925609737493e+27,3.1798571635980017e+27,1.7126760600111083e+25,8.314558516031677e+26,0.8024344724644663,0.8977296816235344,0.8383838383838385,0.2984348325262572,-0.1,-0.1,0.37,0.3,1.2,lime
78,-32315137990679.82,-14281493134651.363,12877413815579.803,-9220611306741.898,-2.4427618576138261e+27,-2.028474944589752e+27,-5.503788517039564e+26,9.579955744107865e+26,0.05407314500236854,0.33101969564882294,0.29292929292929293,0.09495595587421396,-0.1,-0.1,0.37,0.3,1.2,lime
79,-11965635352466.986,15759975573136.871,-8492652945980.027,-2073278712078.1804,-9.194242258387981e+26,1.2021820405862614e+27,-1.5563603627636123e+27,-8.27070366522447e+26,0.4574163279029064,0.7301362590102374,0.6464646464646465,0.08298879220208294,-0.1,-0.1,0.37,0.3,1.2,lime
80,3071363048405.949,33626044341519.094,-1454855216065.6233,-9994147450028.611,2.0828318154915462e+27,2.5677948123559973e+27,3.7050251463347725e+26,1.0219901107107036e+25,0.6177300393934635,0.8227217118370982,0.6060606060606061,0.8530560315071463,-0.1,-0.1,0.37,0.3,1.2,lime
81,22340446819885.723,27239791232826.48,-1294652562748.2925,-4231322465016.5083,1.6726757574147748e+27,2.577651545303165e+27,5.112229419725895e+26,-1.2128079314692753e+27,0.8113886210155731,0.494125169778416,0.8585858585858587,0.5731993771286829,-0.1,-0.1,0.37,0.3,1.2,lime
82,-22645038509.07123,21655760341159.02,7319508324742.67,6041812547568.401,1.5488433600111365e+26,1.9345819949764674e+27,-3.1075322044997894e+26,-1.3671191043192054e+27,0.7049137072546895,0.6409197708968734,0.9393939393939394,0.24131525049009633,-0.1,-0.1,0.37,0.3,1.2,lime
83,1036265621693.2407,27835271352325.707,16911198966556.422,-5922372274518.532,8.539728156008019e+26,2.4604307315661626e+27,1.0926575617415862e+27,1.950205468407431e+26,0.47270357408443403,0.670380168781234,0.5555555555555556,0.47918735933162193,-0.1,-0.1,0.37,0.3,1.2,lime
84,21069669682113.082,-4833562875539.33,6446568872370.538,-2378928229387.9165,1.4856991567467697e+27,-2.63869314307291e+26,-7.479520803377773e+26,-4.571991709680216e+26,0.8163164975880308,0.3778204642439254,0.17171717171717174,0.16504972052808026,-0.1,-0.1,0.37,0.3,1.2,lime
85,-14159605774135.008,39642671243312.766,-1782481327364.6665,1746220400329.3733,-2.5096142020589297e+27,2.9776263259928466e+27,-1.3409332752877703e+27,1.0341115016046092e+27,0.1669455547000731,0.8840771095796337,0.393939393939394,0.30828340657108433,-0.1,-0.1,0.37,0.3,1.2,lime
86,27566060524633.67,33600953544854.15,7667201390730.894,5922566846607.461,1.4595959409829484e+27,1.3692519510966598e+27,-8.656275517828718e+26,2.94774121193051e+25,0.8895413626448494,0.5768608120950633,0.4747474747474748,0.6760625794643643,-0.1,-0.1,0.37,0.3,1.2,lime
87,2951718688764.6626,36697784725390.72,-523899498822.4514,3213168802337.0845,7.566958131487156e+26,2.8702947890729416e+27,-5.057909883157868e+26,5.569768199367851e+26,0.6164998546232513,0.9198092484818882,0.797979797979798,0.4592289832381986,-0.1,-0.1,0.37,0.3,1.2,lime
88,23568344579307.465,-3548052852793.695,4634190690427.181,5149270492547.599,2.3975381111731563e+27,-2.439169410083039e+26,9.994916611761405e+26,-1.0633551677035361e+25,0.8806914740555118,0.412995668895483,0.5151515151515152,0.3761718147601777,-0.1,-0.1,0.37,0.3,1.2,lime
89,-20672408944769.36,-33651169749032.13,17343069329199.268,-4369738251281.572,-1.5662869798110424e+27,-4.5470126605096323e+27,1.4326910647572666e+26,1.5873558329208074e+26,0.1956110054850938,0.11054019010083543,0.686868686868687,0.8044819012171944,-0.1,-0.1,0.37,0.3,1.2,lime
90,-10849962159229.525,-32200044288760.777,-21602410866117.94,2778148489952.4785,-2.52552048592534e+27,-3.714745623829917e+27,-8.411342839132359e+26,6.65935547136565e+26,0.3699953637741008,0.09052887652474162,0.11111111111111112,0.04023303017171387,-0.1,-0.1,0.37,0.3,1.2,lime
91,-28469322253775.574,-46522846554212.24,-2136028735770.319,-5144185832045.05,-1.8961351425893386e+27,-3.3284464527731644e+27,4.413702132294906e+26,-7.334565692845936e+26,0.3699953637741008,0.09052887652474162,0.6464646464646465,0.7115794737276335,-0.1,-0.1,0.37,0.3,1.2,lime
92,28593345794910.375,41898681660404.24,-8262954835360.236,8454740659569.644,1.0471607806142365e+27,2.521017517560792e+27,-4.819996569548274e+26,-1.7896288983537682e+27,0.6446815726939038,0.5596911982650548,0.010101010101010102,0.7574683777572551,-0.1,-0.1,0.37,0.3,1.2,lime
93,-13443293092367.219,54501923315892.72,8082036442311.496,-2652720012224.7964,1.0525332183856362e+27,2.5488199897908295e+27,-3.686949798924865e+26,-8.69070247756118e+26,0.5934073274492455,0.8474683436268474,0.5353535353535354,0.0571400877034875,-0.1,-0.1,0.37,0.3,1.2,lime
94,6397346182299.483,-37727589424454.445,-1746474346268.8904,9373541851057.023,2.1464976373713533e+27,-3.2159804673830886e+27,-4.8976250434168505e+26,-1.3221231894450883e+27,0.6204438703521831,0.004308819579719736,0.17171717171717174,0.034370791761400954,-0.1,-0.1,0.37,0.3,1.2,lime
95,24436012478962.223,45390257256609.44,-11236296059107.322,-10015388132921.654,1.8705232621590307e+27,3.47105800167094e+27,-9.724697927809124e+26,8.247974713296441e+26,0.6579754782103908,0.8198905567676407,0.6666666666666667,0.19936062158566326,-0.1,-0.1,0.37,0.3,1.2,lime
96,-26308584081026.387,-49187123714493.03,830901861024.6388,-10021152985433.438,-2.9970820836183565e+27,-3.2054037832376985e+27,-5.7291836814731765e+26,4.4216078811838344e+26,0.10786067588537424,0.10108637881928695,0.5252525252525253,0.5866473338430584,-0.1,-0.1,0.37,0.3,1.2,lime
97,-16709378357843.375,-42537846024382.445,-861100228300.9312,-176825253803.67264,-1.3780799728409287e+27,-2.139387469120212e+27,3.57474760862579e+26,5.9560969112592445e+26,0.3136654146452814,0.06388557591247995,0.48484848484848486,0.2609297179602774,-0.1,-0.1,0.37,0.3,1.2,lime
98,20222514574542.26,30240765327113.2,23007927227239.59,10046514848225.525,1.6410388334797775e+27,2.0226629795411773e+27,-4.587241565881293e+26,-3.5345418678250705e+26,0.48236990706729044,0.7266781708947498,0.8787878787878789,0.38316638538029446,-0.1,-0.1,0.37,0.3,1.2,lime
99,-25505188248968.914,29378627215734.805,2604688071053.888,6425085965643.721,-1.8095933914540244e+27,1.3092601838314037e+27,-4.471901759773159e+26,1.0210318206083266e+27,0.16064291831310434,0.927805876977446,0.797979797979798,0.018418634273416334,-0.1,-0.1,0.37,0.3,1.2,lime
0,28.894410117405123,42.38813962762067,77.41540818318194,0.0,18.41434289100896,27.04540124978616,22.560476038679997,0.0,0.19868062590289348,0.7119513899644774,0.07070707070707072,0.09540420052626208,-0.1,-0.1,0.37,0.3,1.2,numerical
1,-0.10499389494711409,-0.19443039461064515,0.0,0.0,1.7763568394002505e-12,8.881784197001252e-13,0.0,0.0,0.8995302078943164,0.7107432706182953,0.4040404040404041,0.3542710200958331,-0.1,-0.1,0.37,0.3,1.2,numerical
2,18.073911365454,23.600878778582413,0.0,0.0,1.9539925233402755e-11,2.8421709430404007e-11,0.0,0.0,0.8650259436160623,0.24945573920442243,0.9494949494949496,0.9371328499953259,-0.1,-0.1,0.37,0.3,1.2,numerical
3,-0.04859413738289575,-0.11020192828903319,0.0,0.0,-5.329070518200751e-12,-7.993605777301127e-12,0.0,0.0,0.39854823887698665,0.8637326440729247,0.13131313131313133,0.18491755281151911,-0.1,-0.1,0.37,0.3,1.2,numerical
4,-4.9776827271634664e+16,-5.10404621094138e+16,0.0,0.0,-1.1084205625089959e+30,-1.1654778389130178e+30,0.0,0.0,0.41804301370817454,0.5470168674541854,0.4545454545454546,0.6062144347993866,-0.1,-0.1,0.37,0.3,1.2,numerical
5,-0.07206905005396891,-0.19525665711261908,0.0,0.0,8.881784197001252e-13,1.7763568394002505e-12,0.0,0.0,0.8817915260658846,0.8394753974414186,0.06060606060606061,0.8432826229406616,-0.1,-0.1,0.37,0.3,1.2,numerical
6,0.20367007364097134,0.1271325314977645,0.0,0.0,-2.6645352591003757e-12,1.7763568394002505e-12,0.0,0.0,0.1774030360699519,0.3038025272160778,0.33333333333333337,0.9144677841464401,-0.1,-0.1,0.37,0.3,1.2,numerical
7,0.20367007364097134,0.1271325314977645,0.0,0.0,-2.6645352591003757e-12,1.7763568394002505e-12,0.0,0.0,0.1774030360699519,0.3038025272160778,0.686868686868687,0.7700102654203885,-0.1,-0.1,0.37,0.3,1.2,numerical
8,-0.10678712367839793,-0.19554124337517464,0.0,0.0,-4.440892098500626e-12,1.7763568394002505e-12,0.0,0.0,0.632984389922161,0.052763072800039945,0.797979797979798,0.14484866303879623,-0.1,-0.1,0.37,0.3,1.2,numerical
9,-0.02690816176142974,-0.07906181181827066,0.0,0.0,-8.881784197001252e-13,-2.6645352591003757e-12,0.0,0.0,0.5257983708420308,0.7922908262542482,0.05050505050505051,0.2634427967593872,-0.1,-0.1,0.37,0.3,1.2,numerical
10,0.3969271707360278,0.5222811014298223,0.0,0.0,9.769962616701378e-12,-4.440892098500626e-12,0.0,0.0,0.1832493037047505,0.894380801254377,0.696969696969697,0.5655114705065325,-0.1,-0.1,0.37,0.3,1.2,numerical
11,0.9341400865920946,0.3156228132641381,0.0,0.0,-2.220446049250313e-11,-1.509903313490213e-11,0.0,0.0,0.4108517344713883,0.602518325333889,0.5151515151515152,0.9901130277076038,-0.1,-0.1,0.37,0.3,1.2,numerical
12,0.15776572544146106,0.26091208549328115,0.0,0.0,2.6645352591003757e-12,7.105427357601002e-12,0.0,0.0,0.4874055723522688,0.3653678469161593,0.10101010101010102,0.8829481042954963,-0.1,-0.1,0.37,0.3,1.2,numerical
13,1.1728522171265965,1.1614863831677091,0.0,0.0,1.2434497875801753e-11,6.217248937900877e-12,0.0,0.0,0.8823223052095199,0.3433703830584105,0.26262626262626265,0.8860729362982869,-0.1,-0.1,0.37,0.3,1.2,numerical
14,0.17704616256475347,1.9340029526420317e+17,0.0,0.0,2.6645352591003757e-12,1.6734034697936756e+31,0.0,0.0,0.04940052600415168,0.4998742730867418,0.13131313131313133,0.003597267576057106,-0.1,-0.1,0.37,0.3,1.2,numerical
15,0.1540903528685078,0.04158453582459032,0.0,0.0,-3.552713678800501e-12,-6.217248937900877e-12,0.0,0.0,0.3477163755212917,0.03396700736678537,0.7373737373737375,0.41362220731758814,-0.1,-0.1,0.37,0.3,1.2,numerical
16,1.751763633592418,1.6023350480556253,0.0,0.0,-8.881784197001252e-12,8.881784197001252e-13,0.0,0.0,0.978254713552029,0.26316593371029096,0.6161616161616162,0.22418934551777897,-0.1,-0.1,0.37,0.3,1.2,numerical
17,0.22281098916199227,-0.22896081320533668,0.0,0.0,4.440892098500626e-12,-3.552713678800501e-12,0.0,0.0,0.5064047673880926,0.9251354235123781,0.8080808080808082,0.015013910180044221,-0.1,-0.1,0.37,0.3,1.2,numerical
18,-0.9440388090906637,-0.9977961688729664,0.0,0.0,0.0,1.7763568394002505e-12,0.0,0.0,0.23002344450114348,0.7669138171538847,0.32323232323232326,0.8974972190167196,-0.1,-0.1,0.37,0.3,1.2,numerical
19,-0.22118435395768188,-0.3472577787348996,0.0,0.0,2.6645352591003757e-12,5.329070518200751e-12,0.0,0.0,0.7552117489261152,0.018092986384941,0.6666666666666667,0.4755603943370617,-0.1,-0.1,0.37,0.3,1.2,numerical
20,-0.16592097844769782,-0.16865922086273244,0.0,0.0,4.440892098500626e-12,2.6645352591003757e-12,0.0,0.0,0.9541138881185778,0.4759811919375402,0.4646464646464647,0.519116279148548,-0.1,-0.1,0.37,0.3,1.2,numerical
21,0.2702843465463012,0.46857263606625565,0.0,0.0,-1.0658141036401503e-11,-2.6645352591003757e-12,0.0,0.0,0.6218207610725941,0.3569949672281153,0.33333333333333337,0.42713885603804724,-0.1,-0.1,0.37,0.3,1.2,numerical
22,0.9382663961186033,1.856353024490165,0.0,0.0,-1.7763568394002505e-12,-1.2434497875801753e-11,0.0,0.0,0.7312237175865189,0.27067362032910813,0.08080808080808081,0.7012011118502326,-0.1,-0.1,0.37,0.3,1.2,numerical
23,0.9382663961186033,1.856353024490165,0.0,0.0,-1.7763568394002505e-12,-1.2434497875801753e-11,0.0,0.0,0.7312237175865189,0.27067362032910813,0.686868686868687,0.5120015935800684,-0.1,-0.1,0.37,0.3,1.2,numerical
24,0.1164241066007321,0.10539729828096256,0.0,0.0,0.0,-5.329070518200751e-12,0.0,0.0,0.20383266978087633,0.9616187527413549,0.23232323232323235,0.4159423845618756,-0.1,-0.1,0.37,0.3,1.2,numerical
25,-0.46376036044870617,-0.6947844098057487,0.0,0.0,-4.440892098500626e-12,3.552713678800501e-12,0.0,0.0,0.44559546804955075,0.34253503525150764,0.8484848484848485,0.23203318720110389,-0.1,-0.1,0.37,0.3,1.2,numerical
26,0.23844842514364473,0.14393888382358,0.0,0.0,1.7763568394002505e-12,8.881784197001252e-13,0.0,0.0,0.1838304661537254,0.27545812322371277,0.030303030303030304,0.8045551879327355,-0.1,-0.1,0.37,0.3,1.2,numerical
27,1.047478840938254,1.4447705574149872,0.0,0.0,1.3322676295501878e-11,-2.6645352591003757e-11,0.0,0.0,0.8522090920951264,0.1817244016400525,0.4545454545454546,0.6175391954285504,-0.1,-0.1,0.37,0.3,1.2,numerical
28,-0.2853474601209882,-0.5315659648790216,0.0,0.0,-4.440892098500626e-12,6.217248937900877e-12,0.0,0.0,0.6437829605702313,0.24931241375874064,0.4646464646464647,0.5558241723946323,-0.1,-0.1,0.37,0.3,1.2,numerical
29,-0.08295446969341924,-0.22031193446503394,0.0,0.0,0.0,8.881784197001252e-13,0.0,0.0,0.8324994220852394,0.9330926842318457,0.23232323232323235,0.25205957420135444,-0.1,-0.1,0.37,0.3,1.2,numerical
30,1694647845973937.5,2593726371801500.0,0.0,0.0,2.9136248830357254e+29,4.388877475890024e+29,0.0,0.0,0.21130310401748326,0.31064351953174196,0.21212121212121213,0.0073284740158710004,-0.1,-0.1,0.37,0.3,1.2,numerical
31,0.1703941854418467,0.14589288208810558,0.0,0.0,-5.329070518200751e-12,-8.881784197001252e-13,0.0,0.0,0.4505699109023287,0.3772908182764463,0.9292929292929294,0.24513145699695538,-0.1,-0.1,0.37,0.3,1.2,numerical
32,0.068904609070497,0.10446916210549162,0.0,0.0,7.993605777301127e-12,1.2434497875801753e-11,0.0,0.0,0.7581815116517585,0.2774735963497603,0.36363636363636365,0.35615350762293946,-0.1,-0.1,0.37,0.3,1.2,numerical
33,-0.14594207983131824,-0.252689885886781,0.0,0.0,4.440892098500626e-12,8.881784197001252e-13,0.0,0.0,0.6986786455056502,0.9298560227087338,0.5454545454545455,0.42865683317122166,-0.1,-0.1,0.37,0.3,1.2,numerical
34,-0.2674123144332796,1.282113993130718,0.0,0.0,2.6645352591003757e-12,-8.881784197001252e-13,0.0,0.0,0.902096956646316,0.5694722200356156,0.888888888888889,0.7315815656046245,-0.1,-0.1,0.37,0.3,1.2,numerical
35,0.2081002965499401,0.12998546789511067,0.0,0.0,8.881784197001252e-13,-4.440892098500626e-12,0.0,0.0,0.17510751669566,0.3059160415155595,0.20202020202020204,0.3712113833633627,-0.1,-0.1,0.37,0.3,1.2,numerical
36,-0.9325228869192514,-0.9253623052174476,0.0,0.0,8.881784197001252e-12,-4.440892098500626e-12,0.0,0.0,0.09701037519030553,0.6168207814828057,0.686868686868687,0.5824759669663153,-0.1,-0.1,0.37,0.3,1.2,numerical
37,0.24080962979011744,0.3765337664640711,0.0,0.0,-3.552713678800501e-12,-7.993605777301127e-12,0.0,0.0,0.3409867489429397,0.8054571601546878,0.27272727272727276,0.20913473057821508,-0.1,-0.1,0.37,0.3,1.2,numerical
38,0.23698641955816058,0.14301514865211473,0.0,0.0,4.440892098500626e-12,1.7763568394002505e-12,0.0,0.0,0.18546498872983685,0.273406198492931,0.5050505050505051,0.23663695987293376,-0.1,-0.1,0.37,0.3,1.2,numerical
39,-1.2855626401093723,-1.7846548146720487,0.0,0.0,8.881784197001252e-12,1.5987211554602254e-11,0.0,0.0,0.15829264679919275,0.7763417799489487,0.29292929292929293,0.9550366155250354,-0.1,-0.1,0.37,0.3,1.2,numerical
40,-757399445843156.2,-1.2262790866864968e+17,0.0,0.0,-8.720417609239751e+28,-6.72680375806469e+30,0.0,0.0,0.30560367510547337,0.7671551449511773,0.4747474747474748,0.21721580034283555,-0.1,-0.1,0.37,0.3,1.2,numerical
41,5.023219427178982,3.71911221502913,69.14741110950767,0.0,1.6720818565810758,3.5993319303879168,-17.67204383453852,0.0,0.12863935359233997,0.7245557593722391,0.010101010101010102,0.9105027740101984,-0.1,-0.1,0.37,0.3,1.2,numerical
42,-0.12933598931397228,-0.25835007760033335,0.0,0.0,1.7763568394002505e-12,-3.552713678800501e-12,0.0,0.0,0.5396420986243939,0.9718162929711716,0.18181818181818182,0.8220169328395613,-0.1,-0.1,0.37,0.3,1.2,numerical
43,1.6882804069187074,2.6208908732447966,0.0,0.0,1.4210854715202004e-11,7.993605777301127e-12,0.0,0.0,0.3336814739095135,0.4922512013022541,0.8686868686868687,0.6885025438125141,-0.1,-0.1,0.37,0.3,1.2,numerical
44,0.15259804006539923,0.02816136243444234,0.0,0.0,7.105427357601002e-12,8.881784197001252e-13,0.0,0.0,0.08168398209205585,0.22364577836647476,0.43434343434343436,0.3508750803367898,-0.1,-0.1,0.37,0.3,1.2,numerical
45,-1.1716787530482442,7439495533276187.0,0.0,0.0,0.0,1.2951026579307014e+30,0.0,0.0,0.5011653871564786,0.0673042424842859,0.24242424242424243,0.013362039459576869,-0.1,-0.1,0.37,0.3,1.2,numerical
46,-0.07270637741019215,-0.19482452191343924,0.0,0.0,8.881784197001252e-13,-1.7763568394002505e-12,0.0,0.0,0.882539291101478,0.8361149732536193,0.020202020202020204,0.05219570351906855,-0.1,-0.1,0.37,0.3,1.2,numerical
47,-0.06892145958747875,0.44983485504834775,0.0,0.0,-9.769962616701378e-12,-4.440892098500626e-12,0.0,0.0,0.48874197114198903,0.554172938177695,0.5555555555555556,0.05518196279538545,-0.1,-0.1,0.37,0.3,1.2,numerical
48,0.00984451801411268,-0.024326635968296983,0.0,0.0,5.329070518200751e-12,-2.6645352591003757e-12,0.0,0.0,0.2667747882770847,0.9379430412916555,0.6464646464646465,0.16158531246804353,-0.1,-0.1,0.37,0.3,1.2,numerical
49,0.09343523979943313,-0.02608005599302743,0.0,0.0,0.0,1.7763568394002505e-12,0.0,0.0,0.3031489920769729,0.013360176627322251,0.4444444444444445,0.59664284550607,-0.1,-0.1,0.37,0.3,1.2,numerical
50,-0.08173875906303252,-0.22617836290406146,0.0,0.0,4.440892098500626e-12,4.440892098500626e-12,0.0,0.0,0.5797737432697836,0.9390642569091845,0.8787878787878789,0.2041251485909859,-0.1,-0.1,0.37,0.3,1.2,numerical
51,-3.843015729606769,-4.1064608619532095,0.0,0.0,-2.6645352591003757e-12,-8.881784197001252e-13,0.0,0.0,0.8986533824299819,0.27964825178611696,0.30303030303030304,0.28556677441946066,-0.1,-0.1,0.37,0.3,1.2,numerical
52,0.09053430481342772,0.11862858010758259,0.0,0.0,6.217248937900877e-12,1.1546319456101628e-11,0.0,0.0,0.9787335637085461,0.04310532737082201,0.8787878787878789,0.8797264347191682,-0.1,-0.1,0.37,0.3,1.2,numerical
53,0.026904646948100464,-0.002410543329389725,0.0,0.0,1.7763568394002505e-12,8.881784197001252e-13,0.0,0.0,0.9188973994474894,0.41704261479633586,0.7777777777777778,0.7780890241309613,-0.1,-0.1,0.37,0.3,1.2,numerical
54,-0.10034236010003639,-0.21126214122757503,0.0,0.0,-1.7763568394002505e-12,0.0,0.0,0.0,0.8525608960754316,0.857528674438716,0.15151515151515152,0.44688484225564645,-0.1,-0.1,0.37,0.3,1.2,numerical
55,-0.2683744402567356,-0.4332657474610535,0.0,0.0,-1.7763568394002505e-12,-4.440892098500626e-12,0.0,0.0,0.5340157343234844,0.18834501397205705,0.8585858585858587,0.5326646335085365,-0.1,-0.1,0.37,0.3,1.2,numerical
56,-0.05720142039011833,-0.051134599464486286,0.0,0.0,3.552713678800501e-12,3.552713678800501e-12,0.0,0.0,0.4504922889395718,0.04366074882598464,0.12121212121212122,0.5709224720514593,-0.1,-0.1,0.37,0.3,1.2,numerical
57,-0.10848003201768819,-0.14121876635941888,0.0,0.0,-1.7763568394002505e-12,-4.440892098500626e-12,0.0,0.0,0.34900663954986066,0.2524498375698925,0.494949494949495,0.827711767238784,-0.1,-0.1,0.37,0.3,1.2,numerical
58,-0.08942654269317174,0.03655213584874417,0.0,0.0,-8.881784197001252e-13,5.329070518200751e-12,0.0,0.0,0.9933997318931248,0.5161504899131228,0.5353535353535354,0.08902543304487937,-0.1,-0.1,0.37,0.3,1.2,numerical
59,10.476850214621969,17.55575084550509,0.0,0.0,-4.440892098500626e-11,2.8421709430404007e-11,0.0,0.0,0.3216475661139514,0.5958397415935035,0.5555555555555556,0.04976623651944473,-0.1,-0.1,0.37,0.3,1.2,numerical
60,4.990316215300648e+16,1.2812796763346235,0.0,0.0,1.1139512155617374e+30,1.7763568394002505e-12,0.0,0.0,0.41312903694439906,0.5910321375167685,0.31313131313131315,0.1935531095724779,-0.1,-0.1,0.37,0.3,1.2,numerical
61,0.11563989850493783,0.06676798000926354,0.0,0.0,-8.881784197001252e-13,-2.6645352591003757e-12,0.0,0.0,0.2721733448972474,0.23149016278299095,0.8484848484848485,0.6183349487387948,-0.1,-0.1,0.37,0.3,1.2,numerical
62,2.822607425151613,4.4703762078293074,0.0,0.0,7.993605777301127e-12,-8.881784197001252e-13,0.0,0.0,0.25448182948882897,0.6690957123126449,0.5757575757575758,0.14697759569251911,-0.1,-0.1,0.37,0.3,1.2,numerical
63,0.10177659244847703,-0.011061429048275784,0.0,0.0,-3.552713678800501e-12,-1.7763568394002505e-12,0.0,0.0,0.2733695238585171,0.047547990286560815,0.21212121212121213,0.9209502868582372,-0.1,-0.1,0.37,0.3,1.2,numerical
64,-0.14011043563044723,-0.2492501959179272,0.0,0.0,0.0,0.0,0.0,0.0,0.43132615284805265,0.9920235159496553,0.07070707070707072,0.9708266760327753,-0.1,-0.1,0.37,0.3,1.2,numerical
65,-0.24609391738028563,-0.44048404243213213,0.0,0.0,9.769962616701378e-12,2.6645352591003757e-12,0.0,0.0,0.47219701716639845,0.3431565520991352,0.15151515151515152,0.8480433483550809,-0.1,-0.1,0.37,0.3,1.2,numerical
66,-0.29812255825723,-0.5317926888235291,0.0,0.0,-1.7763568394002505e-12,2.6645352591003757e-12,0.0,0.0,0.6127502209188432,0.14404700159647282,0.7373737373737375,0.9159852784281423,-0.1,-0.1,0.37,0.3,1.2,numerical
67,-0.22121096897143033,-0.2795306280045651,0.0,0.0,1.7763568394002505e-12,-1.7763568394002505e-12,0.0,0.0,0.8839976579521018,0.6271195687631436,0.06060606060606061,0.4023685173534367,-0.1,-0.1,0.37,0.3,1.2,numerical
68,-0.20617774833953106,-0.1929854098641215,0.0,0.0,-1.7763568394002505e-12,1.7763568394002505e-12,0.0,0.0,0.9606472040310622,0.42163268932577336,0.42424242424242425,0.8971622818625169,-0.1,-0.1,0.37,0.3,1.2,numerical
69,5.0153779302684696e+16,5.227346874362053e+16,0.0,0.0,1.1252747593164637e+30,1.2225224778904461e+30,0.0,0.0,0.0614935559020971,0.7997696590636987,0.5555555555555556,0.010965247160813096,-0.1,-0.1,0.37,0.3,1.2,numerical
70,5.0153779302684696e+16,5.227346874362053e+16,0.0,0.0,1.1252747593164637e+30,1.2225224778904461e+30,0.0,0.0,0.0614935559020971,0.7997696590636987,0.8484848484848485,0.746501707105746,-0.1,-0.1,0.37,0.3,1.2,numerical
71,-0.006722489966914935,-0.1986114165868358,0.0,0.0,-1.7763568394002505e-12,-4.440892098500626e-12,0.0,0.0,0.7486623566931667,0.5950139832499496,0.98989898989899,0.3774968100516187,-0.1,-0.1,0.37,0.3,1.2,numerical
72,-0.17239466822971394,-0.2626122501174777,0.0,0.0,-1.3322676295501878e-11,-1.7763568394002505e-12,0.0,0.0,0.36768966584565566,0.28288307245188615,0.07070707070707072,0.262017011849291,-0.1,-0.1,0.37,0.3,1.2,numerical
73,0.3256062114527225,0.36973100705672834,0.0,0.0,3.552713678800501e-12,-4.440892098500626e-12,0.0,0.0,0.041516355484450485,0.9274891333588554,0.595959595959596,0.46816745473755245,-0.1,-0.1,0.37,0.3,1.2,numerical
74,-0.6169132562972024,6822.207050279903,0.0,0.0,-1.9539925233402755e-11,10000.000000000004,0.0,0.0,0.5654000555929369,0.4528860927471983,0.8989898989898991,0.9139505217705923,-0.1,-0.1,0.37,0.3,1.2,numerical
75,-1637729944567937.5,5366328481041531.0,0.0,0.0,-1.7849401516912732e+29,5.871752143794235e+29,0.0,0.0,0.2500662632234142,0.43342762361703824,0.30303030303030304,0.4241607875611938,-0.1,-0.1,0.37,0.3,1.2,numerical
76,0.4066571539800279,0.6088770809427047,0.0,0.0,7.105427357601002e-12,4.440892098500626e-12,0.0,0.0,0.3769577366976217,0.43293113610150913,0.9494949494949496,0.6800055661405949,-0.1,-0.1,0.37,0.3,1.2,numerical
77,-3254219697609468.5,1277072689432375.0,0.0,0.0,-5.6114875875765245e+29,2.2140457915197478e+29,0.0,0.0,0.8024344724644663,0.8977296816235344,0.8383838383838385,0.2984348325262572,-0.1,-0.1,0.37,0.3,1.2,numerical
78,0.16446111626144955,0.07848153914657985,0.0,0.0,-1.7763568394002505e-12,-8.881784197001252e-13,0.0,0.0,0.05407314500236854,0.33101969564882294,0.29292929292929293,0.09495595587421396,-0.1,-0.1,0.37,0.3,1.2,numerical
79,0.2859507913099968,0.36918496343707474,0.0,0.0,-3.552713678800501e-12,-8.881784197001252e-13,0.0,0.0,0.4574163279029064,0.7301362590102374,0.6464646464646465,0.08298879220208294,-0.1,-0.1,0.37,0.3,1.2,numerical
80,-0.09941484621300845,-0.19687512449095834,0.0,0.0,-1.7763568394002505e-12,0.0,0.0,0.0,0.6177300393934635,0.8227217118370982,0.6060606060606061,0.8530560315071463,-0.1,-0.1,0.37,0.3,1.2,numerical
81,0.21686604119786068,-1.2501928252365646e+17,0.0,0.0,-1.1546319456101628e-11,-6.991970771123514e+30,0.0,0.0,0.8113886210155731,0.494125169778416,0.8585858585858587,0.5731993771286829,-0.1,-0.1,0.37,0.3,1.2,numerical
82,-0.019777137665766276,-0.05600422553220241,0.0,0.0,1.7763568394002505e-12,0.0,0.0,0.0,0.7049137072546895,0.6409197708968734,0.9393939393939394,0.24131525049009633,-0.1,-0.1,0.37,0.3,1.2,numerical
83,0.5663474505075428,-1.2596788826476002e+17,0.0,0.0,9.769962616701378e-12,-7.098449032056191e+30,0.0,0.0,0.47270357408443403,0.670380168781234,0.5555555555555556,0.47918735933162193,-0.1,-0.1,0.37,0.3,1.2,numerical
84,0.4713334745947151,0.5404151070069751,0.0,0.0,-8.881784197001252e-12,-1.7763568394002505e-12,0.0,0.0,0.8163164975880308,0.3778204642439254,0.17171717171717174,0.16504972052808026,-0.1,-0.1,0.37,0.3,1.2,numerical
85,0.6236192547222075,0.7861470546961513,0.0,0.0,3.552713678800501e-12,-8.881784197001252e-12,0.0,0.0,0.1669455547000731,0.8840771095796337,0.393939393939394,0.30828340657108433,-0.1,-0.1,0.37,0.3,1.2,numerical
86,-0.20592192937529674,-0.2301136929587777,0.0,0.0,5.329070518200751e-12,8.881784197001252e-13,0.0,0.0,0.8895413626448494,0.5768608120950633,0.4747474747474748,0.6760625794643643,-0.1,-0.1,0.37,0.3,1.2,numerical
87,-0.13561817633434003,-0.2471282369045369,0.0,0.0,-3.552713678800501e-12,-5.329070518200751e-12,0.0,0.0,0.6164998546232513,0.9198092484818882,0.797979797979798,0.4592289832381986,-0.1,-0.1,0.37,0.3,1.2,numerical
88,-17954788521187.5,-4272578496715422.0,0.0,0.0,-2.938276569903757e+27,-4.617698138167328e+29,0.0,0.0,0.8806914740555118,0.412995668895483,0.5151515151515152,0.3761718147601777,-0.1,-0.1,0.37,0.3,1.2,numerical
89,0.09281861196708263,-0.012496686961682713,0.0,0.0,-2.6645352591003757e-12,0.0,0.0,0.0,0.1956110054850938,0.11054019010083543,0.686868686868687,0.8044819012171944,-0.1,-0.1,0.37,0.3,1.2,numerical
90,-4292444155175750.0,1113387813557781.2,0.0,0.0,-7.377120246316746e+29,1.9398303837235333e+29,0.0,0.0,0.3699953637741008,0.09052887652474162,0.11111111111111112,0.04023303017171387,-0.1,-0.1,0.37,0.3,1.2,numerical
91,-4292444155175750.0,1113387813557781.2,0.0,0.0,-7.377120246316746e+29,1.9398303837235333e+29,0.0,0.0,0.3699953637741008,0.09052887652474162,0.6464646464646465,0.7115794737276335,-0.1,-0.1,0.37,0.3,1.2,numerical
92,4.45336265626084,3.6088962628641474,52.04542570458226,0.0,1.0091011603043931,3.475558246953503,16.611027633982257,0.0,0.6446815726939038,0.5596911982650548,0.010101010101010102,0.7574683777572551,-0.1,-0.1,0.37,0.3,1.2,numerical
93,-0.14586855125298115,-0.22821147957152732,0.0,0.0,1.7763568394002505e-12,3.552713678800501e-12,0.0,0.0,0.5934073274492455,0.8474683436268474,0.5353535353535354,0.0571400877034875,-0.1,-0.1,0.37,0.3,1.2,numerical
94,0.0005784206464909403,-0.032929801664582925,0.0,0.0,8.881784197001252e-13,8.881784197001252e-13,0.0,0.0,0.6204438703521831,0.004308819579719736,0.17171717171717174,0.034370791761400954,-0.1,-0.1,0.37,0.3,1.2,numerical
95,-0.10042170628388192,-0.20242829033723098,0.0,0.0,-1.7763568394002505e-12,-8.881784197001252e-13,0.0,0.0,0.6579754782103908,0.8198905567676407,0.6666666666666667,0.19936062158566326,-0.1,-0.1,0.37,0.3,1.2,numerical
96,-177543091445781.25,-3460458470635093.5,0.0,0.0,-3.0842029027765963e+28,-5.949196004611486e+29,0.0,0.0,0.10786067588537424,0.10108637881928695,0.5252525252525253,0.5866473338430584,-0.1,-0.1,0.37,0.3,1.2,numerical
97,0.10164886253738459,0.017222661803373285,0.0,0.0,-3.552713678800501e-12,-4.440892098500626e-12,0.0,0.0,0.3136654146452814,0.06388557591247995,0.48484848484848486,0.2609297179602774,-0.1,-0.1,0.37,0.3,1.2,numerical
98,0.28376160149790053,0.30030433345418217,0.0,0.0,-3.552713678800501e-12,6.217248937900877e-12,0.0,0.0,0.48236990706729044,0.7266781708947498,0.8787878787878789,0.38316638538029446,-0.1,-0.1,0.37,0.3,1.2,numerical
99,0.28538744999107024,0.3724310232025019,0.0,0.0,-2.220446049250313e-11,-2.6645352591003757e-11,0.0,0.0,0.16064291831310434,0.927805876977446,0.797979797979798,0.018418634273416334,-0.1,-0.1,0.37,0.3,1.2,numerical
