,x0_xt,v0_xt,t_xt,r1,x0_vt,v0_vt,t_vt,r2
0,-0.8878272265696932,-0.06201729092322813,0.29374269454197827,0.0,0.025908488961938016,-0.006098235515720264,-0.13102477751620473,0.0
1,-0.8743741710190169,-0.06201729286733484,-0.03378946166174397,0.0,-0.0025403412100089675,-0.006098210666631033,0.32246120584689986,0.0
2,1.0411878567581054,-0.1289662775390684,-0.049637589520074334,0.0,0.004932138838292502,-0.009446480460096364,0.3282771286307052,0.0
3,-0.8361335703567869,-0.09326172091476373,0.27329344324081734,0.0,0.021032695231052348,0.010376191412299136,-0.1426233943635707,0.0
4,-0.8459642507412318,-0.09796334368655157,0.2710281016045579,0.0,-0.016404710125028824,-0.0075286637096014615,0.14154179016225887,0.0
5,1.053745012411405,-0.11103308572022874,-0.21333104466042846,0.0,0.019154954813427393,-0.0055744328200026914,-0.15525274109191758,0.0
6,-0.9546370841765071,-3.418488394779651e-05,-0.06221395552076468,0.0,-0.03192438848787023,-0.024535708220812254,-0.3421974047617412,0.0
7,-0.9445240932984446,0.004778800644183789,0.23743040700510334,0.0,0.021541724975601095,-0.0059648777578856695,-0.23392008046000445,0.0
8,-0.9434027386878164,0.004822785658502249,0.0008829293954836473,0.0,-0.02654415161958688,-0.0078505958964672,-0.36640069258229513,0.0
9,0.7336823945334894,0.1896802843548235,-0.1975514911024093,0.0,0.018940673223206694,0.003291361235442025,-0.1927922213502482,0.0
10,-0.9709756346273222,0.039758362459026,-0.05280239913793623,0.0,-0.0031462790969240912,-0.002386927096709522,0.32017744732781117,0.0
11,1.0863411686157638,-0.14996785829570122,0.30076549349677034,0.0,0.019592979084660653,-0.009722323055913053,0.16336908497507766,0.0
12,1.0772458097650424,-0.14996829297969924,0.21329035129596913,0.0,0.039395501379688246,-0.009720456510301036,0.29525451790490764,0.0
13,0.8937456131208517,0.01570220541243244,0.0400923607739322,0.0,0.004089709684997771,-0.0009074301602792906,0.3643460782178397,0.0
14,0.8921618481862241,0.017928727323341324,0.1554903490132184,0.0,-0.02545305891359275,-0.004707860511756798,-0.31033149192359544,0.0
15,-0.9163508410231319,-0.019690663149923453,0.20554078728990863,0.0,0.012356260867058034,-0.004900264081731793,-0.2634455175322178,0.0
16,-0.9188436775290199,-0.020216864110515757,0.08163309043575556,0.0,-0.027094134239139003,-0.004469949428931908,0.3150554265233071,0.0
17,-0.936066863222726,-0.0202167105733319,-0.19997664712552382,0.0,-0.02786229968958228,-0.004470246310694721,-0.256788705599712,0.0
18,-1.0256989177040932,0.06552518950839008,0.316923351127962,0.0,0.01477254894992873,-0.002550769991749688,-0.0013471808779445251,0.0
19,0.8376377216899078,0.08454283380601807,0.290942007040053,0.0,-0.023589818807390302,-0.002756416840438646,-0.21241853170508462,0.0
20,0.9343917339096961,-0.0009060662545391646,-0.22111054797302535,0.0,0.010252784827170465,-0.0024951302734824285,-0.15474802666093312,0.0
21,0.9310290499367321,-0.0009060651428614702,0.32864011686653094,0.0,-0.022476150508263418,-0.0024951335682174133,-0.09004229110367963,0.0
22,-0.9048844243199378,-0.04830799721486907,-0.226215640244982,0.0,0.024334885431273878,-0.0009991471666726801,0.1786451942306915,0.0
23,0.9423047234555931,-0.010849859309969689,0.33581024562720563,0.0,-0.004026032688599278,-0.0034502047580761714,0.023500541833910704,0.0
24,0.9819311759283311,-0.0635924070537234,0.2012405068692914,0.0,0.039239221483683154,-0.006711498534223328,0.30848755342294715,0.0
25,-0.9127507055224807,-0.0494534081855974,0.3145004609879849,0.0,0.005216062732804751,-0.005085482607930156,0.04337569331443982,0.0
26,1.0249862965585317,-0.09721405654995949,-0.23876541366309448,0.0,-0.02458956458239637,-0.009741886073485948,0.09336856960048455,0.0
27,-0.889177474825156,-0.04903308305152197,0.1958860513384254,0.0,0.010426837829328926,-0.005061155264484654,-0.2809327860912129,0.0
28,0.7600720158712625,0.16191709832237813,0.2040421633287135,0.0,0.03130454130638145,-0.001411908253495053,0.3065820412931001,0.0
29,0.9638908355949795,-0.02962877305156706,-0.23708652911268097,0.0,-0.0016166895453735499,-0.0049200527169990654,-0.101542489459235,0.0
30,-1.0388991097733913,0.09427251486878213,0.2716165402639044,0.0,0.034482643762352286,-0.00284982291479312,-0.1916008858062679,0.0
31,0.8460618480079611,0.09675537987798305,0.3231671426596042,0.0,-0.01875617800612621,-0.011135026137283635,0.06497513190640081,0.0
32,0.9542175429012615,-0.02004665684142173,0.32776774661041763,0.0,-0.0013927093037083504,-0.004303862370424913,0.07636062025362231,0.0
33,0.9449117926464536,-0.019972436081905007,0.33382370154573987,0.0,-0.01640916218777211,-0.004161221459229864,-0.09444315091280207,0.0
34,0.979946868670289,-0.16316217947912184,0.09272797023094351,0.0,0.004874884627817759,0.13296839405267843,0.035174877140414104,0.0
35,1.0044940565945673,-0.06958999750455527,-0.23612380959970566,0.0,-0.008933532260619005,-0.006951927485197339,-0.017171291435512718,0.0
36,-0.8161408339466091,-0.11854911096350029,-0.11456467480395725,0.0,0.012236230167169002,-0.009159217642912247,0.3046851262120144,0.0
37,-0.41451142325085427,-0.5240110416110766,-0.14015414805098403,0.0,0.007118165387558793,0.013215987649646894,0.2771909718174934,0.0
38,1.052067743831833,-0.12811470751574003,0.20217958827914917,0.0,0.0422964811929531,-0.009652345280804548,0.30148400872368036,0.0
39,0.8525258572424765,0.17329327826583077,-0.11272473025782134,0.0,-0.02899287225497158,-0.03388565892601151,-0.23666654810983234,0.0
40,0.8297803750337633,0.1105267153907746,0.3261496643805177,0.0,-0.02864224932019146,-0.01801063285918484,-0.009880554543790901,0.0
41,-0.7985117719732686,-0.14949869277815328,0.1815365259215999,0.0,-0.023009378143694605,-0.009826963316959902,0.26176691687874715,0.0
42,0.96213088948421,-0.049065486894412064,0.2692944614391224,0.0,-0.024189279779982115,-0.005063285764672253,-0.2500651024663513,0.0
43,-0.760260775647953,-0.18230397116393868,-0.16848533513255748,0.0,0.017660334057563173,0.0006592743637498693,0.2610201737051083,0.0
44,0.9763560205142139,-0.04940053263722802,0.33809040860548323,0.0,-0.012964728714666245,-0.005074390464380353,-0.05425534119121505,0.0
45,0.9232770033571804,0.2963536889585342,0.2500718030985446,0.0,-0.25609443182828673,-0.05627220247506594,-0.014773723412838682,0.0
46,-0.25644935048826134,-0.6937948269315162,-0.22769982820094226,0.0,0.00691917587786404,0.025975183995913288,0.171211644202322,0.0
47,-0.2561921766147308,-0.6911270706340662,0.2863350735862853,0.0,0.006871453591732291,0.025873118701506048,-0.16014976750053572,0.0
48,0.20863867938016722,0.7225530956222169,0.26254085702006097,0.0,0.007602125864315991,0.02593340184591519,0.22957849616333015,0.0
49,0.20954655174351988,0.7274226219550589,0.31460687734175935,0.0,0.003744402048801892,0.005241966902595558,0.11534560314309558,0.0
50,1.05137950683552,-0.11747306055970036,-0.24939247449402635,0.0,-0.0288374097014857,-0.009126278840316075,0.07161605395849038,0.0
51,0.7779694416755623,0.1391375063560748,0.2885608023162164,0.0,-0.019673774471681223,-0.012587423386077247,-0.21800441572100893,0.0
52,-0.9861235468487113,0.046802389490146645,-0.023488717282904775,0.0,-0.031892127183269975,-0.002797494203306999,-0.368627411894213,0.0
53,-0.9085135757105804,-0.04907941150779671,-0.19077161324890587,0.0,-0.020089418648871933,-0.0050641512137146235,-0.27574437387255296,0.0
54,0.7895272803135217,0.12449579278008702,0.05689376429577836,0.0,0.007745195359832062,-0.005797203981440218,-0.3394008718015967,0.0
55,1.0208541480762263,-0.09719823217579984,-0.1126687418876081,0.0,0.04183765623387874,-0.009823332494721844,-0.2934326142777377,0.0
56,0.9644278431774761,-0.039541241118514266,0.32492857616170573,0.0,-0.021172934489668865,-0.005373431663451986,-0.12634421257306275,0.0
57,-0.991371357120463,0.037525895203789794,-0.2378971698946976,0.0,0.03130039028541207,-0.0033558058652815663,0.1497575003379145,0.0
58,-0.20863757257318416,-0.7743688403617048,0.0374748813200138,0.0,0.02305706022024586,0.022946285141660763,-0.3007925957408903,0.0
59,-0.7983130696074128,0.16121051753444182,0.3791828019730759,0.0,0.023949889600418404,-0.0033210691265275812,-0.18883609150270592,0.0
60,0.6417493143677149,0.28172881476850276,0.3072757408890737,0.0,-0.036711813945161736,-0.014960555939480393,-0.15281531310759877,0.0
61,-0.957448747124775,0.4244026300539524,0.3237587437522764,0.0,0.010690499519277282,0.07209942475175694,0.12649117075798041,0.0
62,-1.1163402775800633,0.1618959164913141,0.3013225604646814,0.0,-0.0015700626799320643,-0.0015734399151879587,0.06979057838262001,0.0
63,-1.0660063376940399,0.13164185897934877,0.013873927002585095,0.0,-0.012004508147780436,-0.0026536160986175405,0.32004623016478173,0.0
64,0.556611137830618,0.33829343292847874,0.008286409941902193,0.0,0.017675344030731246,0.011388815128312711,-0.3436605228227631,0.0
65,0.5694885837877673,0.35391498949616557,0.3163124122236074,0.0,0.011611877831617679,0.004033572264321557,0.15004099204675916,0.0
66,0.9214618745085039,0.01495695352005677,0.0767407074415761,0.0,-0.01469797331524942,-0.00015135586390442688,-0.1985709668964632,0.0
67,1.0876516619997623,-0.15014416607715222,-0.2551896606245976,0.0,-0.01700178402560804,-0.00968746161740436,-0.01514496904838343,0.0
68,1.0755143616858827,-0.16576211295627058,0.24979757183606002,0.0,-0.0451310938166823,-0.0021326811581677766,-0.19221046958611412,0.0
69,-1.0283904063677447,0.06555543062465395,-0.2534974700730772,0.0,-0.007077251488054086,-0.002557998935356364,-0.12710026461082002,0.0
70,-1.0899759610014734,0.16190308617084198,0.02365653613857787,0.0,-0.021852169219104538,-0.0015304923858685485,0.3243267390568809,0.0
71,0.9805082759259727,-0.04889947127346798,0.3334371260700273,0.0,-0.021394297350341353,-0.005049061833964472,-0.045851071120624406,0.0
72,0.9576657438120388,-0.04889947568125184,0.04763292924656343,0.0,0.00877702464339456,-0.005049052730850348,-0.33647460357058956,0.0
73,1.0994512991962908,-0.11123146940195211,0.019635627560990267,0.0,0.03598173434388627,-0.029285750646611822,0.3133695211140449,0.0
74,0.9548640694549058,-0.021144760200466343,-0.16597415011428157,0.0,0.043516382400276644,-0.012158642938574679,-0.02548563581064847,0.0
75,0.9761316134861124,-0.05300783355860752,0.32669138663959685,0.0,-0.020040626355185616,-0.006780253757584677,-0.1260696726357518,0.0
76,1.047028389875484,-0.12977573905067152,0.2446143607613041,0.0,-0.02541217059511298,-0.009254201303906388,-0.26374631093910184,0.0
77,0.8751575252021734,0.051125320409711975,-0.24494910033995249,0.0,-0.03830924385641683,-0.003479460441293854,0.03978559493840995,0.0
78,0.8559210218408806,0.052021398576393776,0.025841475015006325,0.0,-0.002056690989303585,0.00215427873321443,0.36147445968475317,0.0
79,0.853246768002457,0.0535524975733699,-0.06127973585262699,0.0,-0.01637353267297441,-0.002515851204872562,0.3301615074479445,0.0
80,0.9297311894040371,-0.08067124927457903,0.005830770713063059,0.0,0.009215858430351715,0.05677786192828729,-0.0947320945946733,0.0
81,1.027087080060544,-0.31005670218270726,0.055977462652233675,0.0,-0.04987821503275406,0.13133589330405845,0.0312505340240162,0.0
82,0.4316154902694657,0.47094978178197,0.22212633519117003,0.0,-0.006426701694914461,-0.0199369359902967,-0.29591870685400923,0.0
83,0.4303033193151606,0.4688837993898646,0.027824084908605627,0.0,0.011629673892614578,0.008492243784481346,0.338887412651464,0.0
84,1.0586794150526806,-0.11602133468147521,-0.2448978585001164,0.0,0.0031857332176897513,-0.008359888120883781,-0.10247026092750534,0.0
85,1.020097824349431,-0.09476505998370083,-0.07968091878954942,0.0,0.03728184668030007,0.0011712253530003752,-0.29151395773165256,0.0
86,1.018863184648905,-0.09637522720939407,0.13500222651656185,0.0,0.039623203433837365,-0.009492281221778686,0.33921177788017165,0.0
87,1.012764827151664,-0.09637519642571568,0.20395704758569197,0.0,-0.017748147625053445,-0.009492268710672257,-0.2971075619553313,0.0
88,1.0201225364691757,-0.09637520612093764,0.26703988229410525,0.0,-0.026303778310229443,-0.009492271413537827,-0.23406110041467343,0.0
89,-0.8221991378852881,-0.13987274423968363,0.2932926462862552,0.0,-0.011462994243399128,-0.007793174774573918,0.12833695021463076,0.0
90,0.8692771148771898,0.03872399128094958,0.00856668643532512,0.0,-0.0012225614701419692,-0.0041360492201607,0.36004532696648534,0.0
91,0.7361509311641088,0.19052168557711854,-0.21966751083239225,0.0,0.011894910311082032,-0.0013553296773806591,-0.14641741678587086,0.0
92,-0.9170221781347205,-0.029615014594449193,0.27559537051625227,0.0,0.025615595592512842,-0.005137389068814975,-0.17552688810646075,0.0
93,0.8170670380358227,0.0989828694741142,-0.22017272436059193,0.0,-0.0187244463391176,-0.003367444239687214,0.11890913942062721,0.0
94,0.8103927920093643,0.1034956767267404,-0.15446811747496764,0.0,-0.014691586054623288,-0.003172733038144348,0.236524947147855,0.0
95,0.8122440246647542,0.10349567996403683,-0.1764521216154072,0.0,-0.018561827917937104,-0.0031727380486065043,0.20882317987216775,0.0
96,-0.8927620205560172,-0.04915376560368398,-0.019242159810631137,0.0,-0.029106741420449896,-0.005068060895090525,-0.3690713123331313,0.0
97,0.5236114604337426,0.38765294100158526,-0.22756939585866579,0.0,-0.01298650068711952,-0.025736571270372693,0.06621234465747353,0.0
98,-0.5845785422235358,0.11395191167628374,0.11800716731655875,0.0,-0.046731119035846244,0.13074533379659525,0.22328782946119022,0.0
99,1.0534554087250723,-0.1184557305094884,0.26748479237669354,0.0,0.030080700761770864,-0.009177665641882738,0.2280407581326718,0.0
100,1.0300572293371646,-0.1184642157724807,0.03898370394519696,0.0,0.019268004020286028,-0.009159111858684116,-0.3412811776653949,0.0
101,-0.8934263908215612,-0.04943565090614728,0.22757538034167316,0.0,0.023814354992583883,-0.00507469724738351,-0.2577032438353878,0.0
102,-0.6798644985590073,-0.24915536927966553,0.06859271456738122,0.0,-0.012466878429611349,-0.005722928406480499,-0.34183894940713444,0.0
103,0.8288955141810898,0.1034760410658492,-0.21085972596568855,0.0,0.01454693800162703,-0.0031205215133045866,-0.1749786943153568,0.0
104,0.8189205932626865,0.11605289654450285,0.32077934594627666,0.0,0.0061325623344752524,-0.0049506806537267896,0.10464961185508206,0.0
105,-0.6786966286436945,-0.25033278451528085,0.004043308997821669,0.0,-0.009768528735254089,-0.012328222702956746,0.32858014682468806,0.0
106,0.796411919931403,0.11795594447047841,0.11610441333390002,0.0,-0.002259929401649394,-0.003962496550866149,-0.33666828462708576,0.0
107,-1.0480956183630825,0.11733961213626326,0.08044590892619241,0.0,-0.008120254767272314,-0.003671411868127356,-0.353269113684794,0.0
108,0.9025421502772846,0.024126213211310713,-0.20973212742270908,0.0,0.01841713794619626,-0.006172295796367149,-0.16069945909430478,0.0
109,0.9106072371320513,0.025305209025767397,0.3012253792476355,0.0,0.016001446159087388,-0.006271069625161498,0.16351351237441342,0.0
110,-0.9158275117719915,-0.014755386808003895,-0.20937284563564865,0.0,0.0375342162896258,0.00301372512976358,0.21261516953961732,0.0
111,-0.9246144372482261,-0.017148685568260075,-0.2607763595387386,0.0,0.03605880239396074,0.0029428526358602734,0.11211406729651502,0.0
112,-0.9207621442847619,-0.016070043191589,0.2807303546440971,0.0,0.03846443012600514,0.0036164206266226413,-0.1532953755521858,0.0
113,-1.1011891456043312,0.15073463389981584,0.19929021473529082,0.0,-0.037348776816410335,-0.0020328856305632387,0.25566133759524684,0.0
114,-1.0934293573066374,0.15073467336486335,0.1368461820496213,0.0,-0.036046114697127596,-0.00203308037536766,0.29441004192798054,0.0
115,1.0365522298829222,-0.1314394889636205,-0.093728366415647,0.0,-0.019655506609913324,-0.008818164117932459,0.31106318075941686,0.0
116,-1.0168439315467628,0.06552315017972163,0.1959104609871806,0.0,-0.03589630931183866,-0.0025543721724786243,0.2583704328131026,0.0
117,0.2938019010266226,0.6128547431211075,0.27570321146188437,0.0,-0.009033099249132884,-0.03776712347795786,-0.23251749860703522,0.0
118,-0.9935619743211228,0.03863130769569119,-0.17970010050534158,0.0,-0.03114854883563557,-0.0041711993207084515,-0.28374470016847186,0.0
119,-0.7899048938244078,-0.15147679218380142,-0.15159052343842733,0.0,0.024748323641631036,-0.009657135253701425,0.27541303580425497,0.0
120,0.7631122200931764,0.12118967880817233,0.02193445350050003,0.0,0.03836278757697219,0.04565888646237895,0.3370310943088438,0.0
121,-0.8146506072285916,-0.11856038048372569,0.1013269104317917,0.0,-0.006560474157024782,-0.00913781606879769,-0.3414874057975545,0.0
122,-0.8191909550389425,-0.11842944294205326,0.23530549277495402,0.0,0.019300843690000142,-0.009164540148418672,-0.22847954439168924,0.0
123,0.8934964095863567,0.036989271809172775,0.33145294483653187,0.0,0.004991929573964229,-0.0030368745803944245,0.06870903629489067,0.0
124,0.7993776148142844,0.1123283751664669,0.1035025523546772,0.0,-0.01670052481704435,-0.0028747474315461976,-0.3227885861154969,0.0
125,0.8031545983314479,0.11250471844001661,-0.16667162011735098,0.0,-0.03475986263060511,-0.00371761407298092,0.24147047275183453,0.0
126,0.8009705387973833,0.11240312795661087,0.16859590344062084,0.0,-0.028576262615032884,-0.0034299900828679277,-0.305361435406993,0.0
127,0.8233642010201144,0.09402053902010554,-0.04953258103893156,0.0,0.018931980656463343,-0.002811306707021409,-0.3138566190629624,0.0
128,-1.0776577834177947,0.11933958610320594,0.2956286945833887,0.0,0.02318024193476534,0.003059509053721052,0.02069085401971939,0.0
129,-1.0782990130174075,0.11893834281506582,-0.26676000744604095,0.0,0.004357714349631427,-0.0030552372755331385,-0.07566678805137976,0.0
130,-0.8625711383803576,-0.073553588449893,0.13555098349089004,0.0,-0.0034536793362106534,-0.0020987556185073806,-0.3288749339231961,0.0
131,0.8352055131951432,0.09420056102511967,-0.20789425283322607,0.0,0.01951788855294451,-0.002804647398934765,-0.1802655085048797,0.0
132,0.828738742252,0.0942005488626724,0.21762852928864246,0.0,0.032199837243070205,-0.0028046257006295846,0.29553442963862114,0.0
133,-0.6438201209158276,-0.28954637026268487,-0.11588852066122102,0.0,0.007211898786797435,0.0025247166844356494,0.2980256974481984,0.0
134,-0.6566284123035161,-0.29869424364976416,-0.26049275547812045,0.0,0.0126470161734148,0.006406884712266899,0.08713821642942185,0.0
135,-0.6586567315316862,-0.3001430357645563,0.27037348728530886,0.0,-0.016743749987236958,-0.014586510625501668,0.17604365133857153,0.0
136,0.9305000169563696,-0.0007398377034132288,-0.1883830280551495,0.0,0.02415542115829792,-0.0037488278153649276,-0.21330721884320833,0.0
137,0.9342395547719933,-0.0007398309548052786,-0.23663017649777568,0.0,0.002978616949178717,-0.0037488320061699987,-0.10974678869520921,0.0
138,-0.47272387260383053,-0.4776271633473171,0.2736494176812602,0.0,-0.009377431962613317,-0.019154893346931705,0.153427694083794,0.0
139,0.3728440810450062,0.5227017060843296,0.10445603822483437,0.0,0.005109134362258159,-0.0001652244918345083,-0.34593739528783995,0.0
140,-0.8945758776217168,-0.04973631637856863,-0.03696893716712232,0.0,-0.03078892311824795,-0.005042873352938213,-0.3670721175690273,0.0
141,-0.9124714503583183,-0.04968233499586756,-0.25584475268910783,0.0,-0.00704658832103878,-0.00507503936865113,-0.11653506951028293,0.0
142,-0.88977662599965,-0.049682328216796474,0.04258349328762597,0.0,-0.020662538409755876,-0.005075092685108171,-0.3645992613301633,0.0
143,0.8458625355228063,0.27693175278537535,0.22917653188822742,0.0,-0.010524353264253841,-0.0821905301806794,0.08769910923670864,0.0
144,-0.8254106815723136,-0.11814257894344501,0.17825447532245062,0.0,-0.030250803800790788,-0.009350980489770738,0.2666605509790811,0.0
145,-0.8139227117307888,-0.118202409827138,0.0071390026991680075,0.0,-0.011400927460512286,-0.009169521670654246,0.3270538490576379,0.0
146,-0.8308540238125655,-0.11820240197711993,-0.1898222045879367,0.0,-0.02597627067262846,-0.009169528625809031,-0.2785888220322175,0.0
147,0.915325081974428,0.12363747996413205,0.1980424988044945,0.0,-0.11487564038470278,-0.02276895053439787,-0.003792782333155744,0.0
148,0.7414998387558509,0.17101966944495708,0.16352482783630282,0.0,-0.0241841552743526,-0.0013800089447175874,-0.3130712872876707,0.0
149,0.9521578310418196,0.1731254591244124,0.1936972287987947,0.0,-0.13085685892714263,0.006317493634507627,0.0763365107494394,0.0
150,-0.6910499225061421,-0.26130581278826737,-0.25734289444676667,0.0,0.016290038892601846,-0.002030472817208768,0.1149818242256464,0.0
151,-0.6918798203431986,-0.26162410892916116,0.24066426497353827,0.0,-0.021192199824301906,-0.016407224393043904,0.2151842056959366,0.0
152,-0.69326703079216,-0.2621561956804636,-0.21312361938039626,0.0,-0.018142999440110046,-0.01523766285242072,-0.23509423059618287,0.0
153,0.4770541760175045,0.2317101116771784,-0.1555452808846263,0.0,0.06334476022022738,0.21007844244876847,0.3814027368495336,0.0
154,0.5984474813213863,0.31742027539991446,0.27018638312279764,0.0,-0.01199999920402477,-0.01466835713903714,-0.24862695411465918,0.0
155,0.5964818267688553,0.31610723241519767,0.2440389568602362,0.0,-0.010362763214435935,-0.013648233130781996,-0.278522729268939,0.0
156,-0.775425776001079,-0.30941593689030844,-0.08334550575816631,0.0,3.230452799506166e-05,-0.042347147783449224,-0.22631528766376718,0.0
157,0.7776591753845369,0.05514070773529403,-0.01334500374840199,0.0,0.013226421052977454,-0.027457288029397616,-0.21610256094403085,0.0
158,-1.3745363390763965,0.17103309865329056,-0.4817939972950931,0.0,0.0012800458813019056,0.4592672566502812,0.5092613224365493,0.0
159,-0.6631456020027381,-0.11870981583667858,0.28886015870334814,0.0,0.013754475075156116,0.01585851882395869,-0.10011258872092052,0.0
160,-0.8409415134943142,-0.0967187908253099,0.24912388261583276,0.0,0.03017524809229518,-0.009649418891161964,-0.2065727345606691,0.0
161,-0.8360488292901677,-0.09677504200588563,0.037210024280041595,0.0,-0.008639692088633112,-0.009601333297357247,0.31643639213570485,0.0
162,-0.854362843994398,-0.09677505056766358,0.30886756230728807,0.0,0.02416507236281299,-0.009601340424616729,-0.02734232660561669,0.0
163,0.8444502366212365,0.054298552221042316,-0.08218155321109995,0.0,-0.0009446753110335273,-0.005386507025348259,0.28909963492273616,0.0
164,0.8493318962201478,0.05060136564684333,-0.009293880445590992,0.0,0.02817247827688342,1.0509240496064595e-05,-0.33724163409711394,0.0
165,-1.0085953512984585,0.06523520978340788,-0.1849396464488374,0.0,0.02714140407909783,-0.0027792924009075936,0.24143071344064443,0.0
166,-1.0111274497564504,0.06544431552146776,0.2772080684985283,0.0,0.02888608248169606,-0.0028484716951422467,-0.1746411223990346,0.0
167,-1.0202182137344606,0.06544431793422403,0.23280345229995464,0.0,-0.033154206329654504,-0.0028484673632238255,0.2239339690066564,0.0
168,-0.4761215222608113,-0.4626473499833885,-0.1187177795549241,0.0,-0.020226759406718774,-0.03191087971828463,-0.3303975342329425,0.0
169,0.9217899589931373,-0.0026587409483892696,-0.11666924023234777,0.0,0.037631215696971615,0.007972667753168143,-0.2645704749472738,0.0
170,-0.9816464154014184,0.048365634073578974,0.20632495428096062,0.0,0.014304666087671024,-0.003027204108307262,-0.2671542128065208,0.0
171,-0.9553971399179944,0.017833401943071443,0.0894694718628288,0.0,-0.01014123800606969,-0.004317199500814249,-0.35252964617240673,0.0
172,-1.049458358145052,0.09405496654577636,-0.20202477412472886,0.0,-0.02283499772984631,-0.002805706066048152,-0.26164140128276675,0.0
173,-0.5130257617135563,-0.411664557222815,-0.044109072072634106,0.0,-0.005394366409379351,-0.00505981033924058,0.32416440270196045,0.0
174,-0.7999714610674588,-0.16443769724259155,-0.23481405759016166,0.0,-0.01475924178753154,-0.007894244535815515,-0.176066072745859,0.0
175,-0.8901019073102667,-0.05150531112117425,0.25913697449721,0.0,0.0313785944512915,-0.005197046790776601,-0.2073681895079818,0.0
176,0.661643709887592,0.2510564696324502,-0.05002164431715339,0.0,0.026484567152896897,0.005093336702228823,-0.32645624101337367,0.0
177,0.6731558552039485,0.2561486232760152,-0.2476437329953974,0.0,-0.005701732026584609,-0.008892641922286459,-0.01843017045841113,0.0
178,0.9289022439229221,-0.0008989345412184803,0.32371386172310695,0.0,-0.023260220909594547,-0.002541011244377951,-0.1201593024791383,0.0
179,-0.537056937774598,-0.41349641291114814,0.22942225655663442,0.0,-0.019691054773863473,-0.0251919500816339,0.2307489698070948,0.0
180,-0.8999026609339886,0.2632193797579122,0.0762233706934586,0.0,-0.13289979078032443,0.00941475573077571,-0.35562071542233664,0.0
181,0.9485946504753673,-0.020009620028575717,0.3264265796580639,0.0,-0.02232455082127782,-0.004257026404971758,-0.10570887787666183,0.0
182,0.93450567342197,-0.01997469672794984,-0.18341185412344269,0.0,-0.02446470194876405,-0.004168396652195688,0.20111621486504597,0.0
183,0.44832602896031526,0.45329901860486344,-0.18630963696942396,0.0,-0.010072507799152579,-0.031956940146493716,0.1820439419669465,0.0
184,0.45619834947405014,0.4684010436010553,-0.21977773394133282,0.0,0.00729644326722447,0.0013630928135914058,-0.13963516274040272,0.0
185,0.9943514201508277,-0.10836990020377832,0.07550158316675201,0.0,0.019669894461155683,0.11792912298581444,-0.09544630944762814,0.0
186,-1.0798575652601758,0.12049161361461255,0.27947571486763056,0.0,-0.01752241205345429,-0.0010884951681405172,0.15032114102198008,0.0
187,1.0416680657933588,-0.13095156419420634,-0.02585910720485559,0.0,0.02266585285235537,0.0015990107687675024,-0.30156130670896764,0.0
188,-0.8021720096888317,-0.15213488948560044,0.25584115515244166,0.0,-0.02109279333028722,-0.00984054449433991,0.19026025576253208,0.0
189,0.8193603359389914,0.10349914220624107,0.18000441640794113,0.0,0.029226976237951757,-0.0031821487584104756,0.32521208889928566,0.0
190,0.9353855868800409,-0.0008480419875484813,0.3228425666371201,0.0,0.0001782918498221533,-0.003447675370046802,0.10098510107508704,0.0
191,0.9330105018231796,-0.010773223909760512,-0.23422335801885202,0.0,-0.024003384033818922,-0.0036161780599225407,0.08183473175453684,0.0
192,-1.1770808203555685,0.18657130156506582,0.16417936249210263,0.0,-0.06095970998359432,-0.10554135713547778,0.10768052410769025,0.0
193,0.9781304485516114,-0.024898287615910925,-0.10819362862727401,0.0,0.05145277107826392,-0.00488211386301984,-0.15114632904308975,0.0
194,1.0100842503763428,-0.07096073828764574,-0.23364261771755226,0.0,0.0023458272704974976,-0.006689466210977445,-0.0844725164584954,0.0
195,0.9063831955936644,0.030945473666157915,0.003355726726715124,0.0,0.02012216589934157,-0.008714891644619912,0.2824223969630266,0.0
196,-1.0347016817939485,0.0940088397110608,-0.17036034269611228,0.0,0.026196820657165772,-0.002813684426317321,0.25595689056560017,0.0
197,-1.042933796936933,0.09400940040440012,0.18686246363577752,0.0,-0.03788929616071489,-0.0028136999855922036,0.2661190482263616,0.0
198,-1.0316462321919557,0.09400940301651964,0.22235014607212253,0.0,0.020729500554882412,-0.0028137406513308134,-0.2568793612740613,0.0
199,0.9130562271143495,0.00799912620680432,-0.12248656339407094,0.0,0.03076737898421449,-0.002426341017649345,-0.27909040434201526,0.0
200,0.9247178565550168,0.008056024640502648,0.33515940527356697,0.0,-0.011511414134827647,-0.0023837066264064035,-0.008368169749790384,0.0
201,0.9249442173455531,0.00804868482906035,0.3122519473461549,0.0,0.00983336777549688,-0.0024051352599972547,0.14054190262441768,0.0
202,-0.3118051256298055,-0.6366956424421938,0.2986573598635778,0.0,0.008025572075983282,0.02246662580912649,-0.11595983284076242,0.0
203,-0.7668123026257734,-0.22595754717793518,-0.12068120830015736,0.0,0.026309607773953664,0.058052333300547536,-0.13649555722248802,0.0
204,-0.7433263148751201,-0.1936855210783007,-0.013220575583831164,0.0,-0.023617611491413816,-0.012695760180879541,-0.3661218185123086,0.0
205,-0.8835259371850225,-0.06393043040097565,-0.22153052664164943,0.0,0.02479888776652833,-0.006866731140158726,0.2010493872352377,0.0
206,-0.884569828457574,-0.06393045367413316,-0.12395424281138058,0.0,-0.033336107915255014,-0.006866736083969531,-0.33426616790197605,0.0
207,-0.8773916640565688,-0.11712735769960358,0.11267928456293715,0.0,-0.009399695615604543,0.04694044219758557,-0.1205966272295288,0.0
208,1.0664681529316666,-0.12986823753142293,0.27767713803527544,0.0,0.025049938076961847,-0.009329056442494436,0.211475484743185,0.0
209,-0.895207161374028,-0.0641193823248726,-0.2698771909970892,0.0,0.01632430640522642,-0.006956115168190381,-0.020961284440985918,0.0
210,-1.069765852294873,0.11265039507394475,0.3139378708835421,0.0,0.02876891616824765,-0.0029537511906769336,-0.06430288500201557,0.0
211,-1.05937697624735,0.11265039549549133,0.16163515247217036,0.0,-0.03438284031852276,-0.0029537609617045213,0.2800537453166836,0.0
212,-1.0651632918033693,0.11265038571226516,0.20774084252610606,0.0,-0.033586692494402694,-0.0029537594961341757,0.24713237893989348,0.0
213,0.8740251028518353,0.036970792809131826,0.12305855507207977,0.0,-0.011145573517099966,-0.005024533420559528,-0.32601917990595153,0.0
214,0.1333484195487274,0.7505215981282543,0.04613148163485187,0.0,0.1134564932800251,0.1429292682155924,-0.13141166771045132,0.0
215,-0.9439324929315149,-0.015079782239459799,0.11429371766060464,0.0,-0.013954811176974724,-0.04593338924011437,-0.31672985931585645,0.0
216,-0.4399613623080638,-0.03669839574696068,0.1388539257301452,0.0,-0.04863161295990119,-0.08086061397211988,0.026971737589338567,0.0
217,-0.6206820265663141,-0.3156651626346558,0.004264929758480064,0.0,-0.05851533193695972,-0.1686916770402422,-0.2799554953078185,0.0
218,0.7441324170877428,0.17102160544395778,-0.029887308586648828,0.0,0.006533453611332804,-0.0013915841324030915,-0.3116804147749206,0.0
219,0.9752964479174858,-0.019470521963349113,0.09845533698584287,0.0,-0.005286007196441674,-0.07770033447188288,-0.3045308720672029,0.0
220,0.9651427482436176,-0.04720034405284023,0.062439088619826555,0.0,0.01858987844494529,-0.00730770699654258,0.3531045458506547,0.0
221,-1.0434156172687765,0.09422890832342212,0.2897605313199867,0.0,0.034609593168445967,-0.002816218372277293,-0.1542856668216402,0.0
222,-1.0488411661980608,0.09422882765490215,-0.24792713344229236,0.0,0.03176711120019445,-0.0028162886944799927,0.12216483475635337,0.0
223,0.8728309970106286,0.046291098587170135,0.31318291547688043,0.0,-0.021245440132483282,-0.006668479047716181,-0.17401353824941468,0.0
224,0.8678419414714541,0.04575464928797009,-0.20751080023750954,0.0,-0.022113563453827072,-0.006761807169992874,0.14616327040932575,0.0
225,-1.0391595519883976,0.0942232026452591,0.2719262878502743,0.0,0.034315072694983254,-0.002813413254594491,-0.1914697071432735,0.0
226,-1.053464105434416,0.09422321109655865,-0.21388163085270073,0.0,-0.020959729298080248,-0.00281343274042909,-0.23617064865554294,0.0
227,1.0496729092600312,-0.12898624829777644,-0.12263834591831611,0.0,0.04282525616636945,-0.008240144407285543,-0.2826746336292376,0.0
228,0.7962285406724078,0.11599169301099074,-0.10009194830699115,0.0,-0.01239569228247955,-0.004633765859265599,0.30010340031699645,0.0
229,1.0319647577034137,-0.09638245326931058,0.22626281517145258,0.0,0.030104771206869066,-0.009495260502488122,0.283735201697704,0.0
230,-0.5223522238396184,-0.4307424357850864,0.06308793533096457,0.0,-0.0677322463401798,-0.16346997618291884,-0.22186242543325002,0.0
231,0.4582929660484331,0.48397935375984114,0.13766086451541093,0.0,0.16138251133430037,0.14634125793384303,0.25409318659005964,0.0
232,0.8564755961163057,0.0789930974369863,-0.10176044289918842,0.0,0.004198507571842393,-0.0059690159605146915,0.1862322459895404,0.0
233,0.8624703699778031,0.06843474286492275,0.3309002132391968,0.0,0.002945982744813741,-0.0034050015211540847,0.06405494764808972,0.0
234,-0.7923607736827366,-0.150428243671939,-0.19451743570040453,0.0,0.03053537762134955,-0.009645252523626325,0.23667145251942398,0.0
235,0.8424875819586589,0.10019089136315021,0.30057224677871947,0.0,-0.040890873441083,-0.004612243491283044,-0.1354730130940159,0.0
236,0.9516657987835455,-0.05492663190638535,0.1130345147831664,0.0,0.008805350640801901,0.004837463927901183,-0.31218793135279244,0.0
237,-0.24322590956094092,-0.68588640658286,0.1194335144782325,0.0,-0.0017349817055136167,-0.009686260574344775,-0.3302936966155128,0.0
238,-0.8736120146297428,-0.07537563153215374,0.30306510432940925,0.0,0.022301025762083,-0.008489781360575065,-0.07722189371888269,0.0
239,-0.745967771353689,-0.32443596694111737,0.05402725234944325,0.0,-0.11640018231295551,-0.14438058400892473,0.010620092215224662,0.0
240,-0.7512110584558163,-0.18128401713661896,-0.02097000819409118,0.0,-0.007300891580760409,-0.00958119538293114,0.3286189389291394,0.0
241,-0.9697703282735048,0.03702494397951155,-0.026849181150543827,0.0,-0.006807553099568312,-0.0030465764929109495,0.3225791010657205,0.0
242,-0.44966636429098134,-0.4806266091788657,0.1251922333171568,0.0,-0.004764829006945891,-0.005553424736502202,-0.3277896568083658,0.0
243,0.9151242647335505,0.018406688645279907,-0.2318877478251819,0.0,0.007165854271410482,-0.005154777067987184,-0.1253623323012796,0.0
244,0.5708798533751533,0.33064517857145903,-0.11909460381614319,0.0,-0.004068850406177521,-0.010942198970001695,0.26404060081104325,0.0
245,-0.7919710688591313,-0.16406047779311228,0.28725232978725657,0.0,-0.010422802271827951,-0.011116650487652681,0.13062025145101203,0.0
246,1.0432405694800941,-0.1287550348018109,-0.033314104368821734,0.0,0.03475819181584968,-0.009492956824464143,-0.32982163099744033,0.0
247,-0.5098663031954705,-0.41644729346043446,0.17151137972338723,0.0,0.0019714252439575197,0.003833808449900552,-0.29598576709091573,0.0
248,0.8102507767633241,0.12205698357657443,-0.2495689357762038,0.0,-0.012723740904880803,-0.0027539895303944333,-0.030723538633682403,0.0
249,0.7916142277982259,0.12205704795223557,0.0185951940260419,0.0,0.01398056051824649,-0.0027538933480053245,0.34977407065448435,0.0
250,0.7762131947684601,0.14037612739370803,0.2965332576224383,0.0,-0.01892341997613663,-0.007416058603628037,-0.2124252154653301,0.0
251,-0.6747587762766067,-0.25673988118167873,-0.146210941197993,0.0,0.031527777551385014,0.053236902097323534,0.11940663064124833,0.0
252,1.0500084607650222,-0.11743645250135079,0.30484109342614824,0.0,-0.029539462457277434,-0.009122144721796344,-0.15102445510096146,0.0
253,1.0789589699196147,-0.15195305982374782,-0.1413444976796957,0.0,0.037104360251034675,-0.009774448693562535,-0.2678888599055909,0.0
254,0.9123227336613997,-0.0009669922981878076,0.015870450661076372,0.0,0.015690172425461796,-0.002348599803062946,-0.33720112200384306,0.0
255,1.0625218194590076,-0.1227065870494344,-0.2376399884511761,0.0,-0.023209738511154182,-0.008576658339658552,0.064202832279076,0.0
256,-1.0531791816264224,0.09400104919785435,0.31674324283108224,0.0,0.023262033137325736,-0.0028150986691533614,-0.02422487438062625,0.0
257,0.7530142834118541,0.16194615950753127,-0.1397971488711116,0.0,-0.011800859820858085,-0.0012210235258189647,0.2530124415186217,0.0
258,0.793156904559109,0.12236403368959073,-0.1956646437606061,0.0,-0.017063829315067162,-0.004090235209077134,0.1722833189503334,0.0
259,-0.8496290811853145,-0.10486111676286425,-0.2456839229881071,0.0,0.021286622844595322,0.0035937093644431606,0.13261396044491164,0.0
260,-1.4066851402503668,0.08465326210559931,-0.6094794588521935,0.0,0.00957170726408504,0.16384712820383007,0.20803619125104073,0.0
261,-0.9118712634790879,-0.039451076968944745,-0.2280857346411598,0.0,0.0335567856924459,-0.005351942370003792,0.1737760917834994,0.0
262,-0.8989665117347426,-0.03945107170625774,0.03265408114624996,0.0,-0.009239710859500733,-0.0053519534934880365,0.3159510321920338,0.0
263,-0.8723543795467712,-0.06298506780246008,-0.03484147534829481,0.0,0.005128253497055849,-0.006450927293644861,0.31514532597573486,0.0
264,-0.9162095864882821,-0.029636013608001305,0.2685969027070776,0.0,0.025078324005996928,-0.005147409590869432,-0.18977120477233705,0.0
265,-0.6559934018613153,-0.2865650825501068,0.27147830728999456,0.0,0.017726834975877577,0.0007121675081768804,-0.17350163200594096,0.0
266,-0.6643016146945352,-0.290591616698506,0.2564274899240137,0.0,-0.01789068954627303,-0.016583140391829045,0.1938007482605917,0.0
267,0.9149235203106874,4.53065939271767e-05,0.2673910776533758,0.0,-0.022739673966774964,-0.0041374097970227584,-0.2524405918383198,0.0
268,0.9119305096794639,4.529907170766276e-05,0.2405780678255425,0.0,-0.019995294329102065,-0.004137420553298157,-0.28141686670004223,0.0
269,0.9529973654270018,-0.04938703332448733,0.13287582962395716,0.0,-0.0005965873641212318,-0.00507423889311303,-0.3371705547015887,0.0
270,0.8352257758179468,0.0941278605744911,-0.24703576957650117,0.0,-0.008189277577398093,-0.002796506314896319,-0.03084845022034248,0.0
271,0.8891462356465603,0.007876401067204247,-0.09291009808078625,0.0,-0.0022368427689606484,-0.008939178198199471,0.2846228777023144,0.0
272,0.749880196751469,0.16339116178493493,-0.22328357628629414,0.0,-0.017092447319124793,-0.002863820677046793,0.11372871879271798,0.0
273,-0.6448216575939142,-0.29928941219376276,-0.21716015489802928,0.0,0.0181214295223037,0.00012334532477155206,0.2117302386169287,0.0
274,0.760751421117033,0.17098122647639163,0.2823695712883588,0.0,0.008648051060400369,-0.0012906976649518648,0.22035773161024325,0.0
275,-0.8979846770876231,-0.06208818915924925,-0.25627708244802955,0.0,0.00030748322837736335,-0.0061911856966991195,-0.1305709294601739,0.0
276,-0.6954761425471849,-0.24587625502406538,-0.17419036988797537,0.0,-0.0272941979533513,-0.0223139707992343,-0.2906154848327968,0.0
277,0.7040762244884612,0.21631435864787407,-0.14593245545281472,0.0,0.028711504910804164,0.003004111197003366,-0.26180869145994334,0.0
278,0.6912830491056903,0.2128978228464229,-0.021032245522989643,0.0,0.012637262071712556,-0.0012662675946555303,0.3259808410734579,0.0
279,0.7061019826060412,0.21684963718065348,-0.24082372423368434,0.0,-0.011764617554282611,-0.007773491244421661,0.03154639801486976,0.0
280,-0.8591999416661809,-0.09661699664757864,-0.2655512020993638,0.0,-6.355152029863123e-05,-0.008937344041702457,-0.09910352321149245,0.0
281,-0.12149942933513758,-0.44735960538058606,0.1125890810441397,0.0,-0.11314257951959593,-0.21896718938181348,0.1690060604426205,0.0
282,0.8537700975588434,0.04660570945847632,-0.14879095750612814,0.0,0.013238563484864758,-0.00302596040840497,0.13700286250139265,0.0
283,-0.8216457556141163,-0.12941882829576318,0.30751100757925587,0.0,0.019683252512091624,-0.009345386041011462,-0.05348433966606747,0.0
284,-0.8193898349065727,-0.12941882666386506,-0.16071480396174487,0.0,-0.027705601085992453,-0.009345383723179926,-0.3089952782224399,0.0
285,-1.122601505041133,0.1619305372378235,0.30970247026916875,0.0,0.003944524225898813,-0.0013418407336601807,0.05590138196531423,0.0
286,0.9043464672944619,0.020212299106305814,0.2916843239728092,0.0,-0.028401172345407975,-0.006666545005438432,-0.1984818716042449,0.0
287,0.8972136508979036,0.020212286866583412,-0.18709639711949103,0.0,-0.024831654862008196,-0.006666543915860005,0.20250468887425116,0.0
288,-1.058679436579399,0.11876960869672612,0.25975306029276213,0.0,0.030948140873511727,-0.003228520834436888,-0.20398005793996865,0.0
289,-1.0150858935049267,0.06544921894597645,0.2120215997105968,0.0,-0.03677092009404846,-0.0031914285961231457,0.24386681661653722,0.0
290,0.88288315444319,0.043948300173144265,0.3391529043485897,0.0,0.0012207600575994348,-0.006445538828855144,0.040308823573679035,0.0
291,0.993804917562737,-0.09036289748341433,0.32349710852062435,0.0,-0.007730768167518289,-0.03370129717305867,0.05927731320864342,0.0
292,-0.3924537724134425,-0.5602541662991697,-0.26310746763368953,0.0,0.007780451967078923,0.015219823604000059,0.08319191145244684,0.0
293,0.9434666723781366,-0.010898156073756993,-0.24862863509754946,0.0,-0.012432494504940994,-0.0035464833141475314,-0.04017648020379008,0.0
294,-0.8013344486797658,-0.15090392175747996,-0.22899719772063132,0.0,-0.006712979009219439,-0.009534523056142651,-0.22660582438475818,0.0
295,0.8940942098842226,0.027978304652226824,-0.16028240929398027,0.0,0.03173652193433722,-0.0025093945228603157,-0.2463376523687186,0.0
296,0.8865592295077763,0.02750241379454403,-0.2079758600308913,0.0,-0.022601600274405716,-0.005941275958385971,0.14583077059189248,0.0
297,-0.984933148572673,0.03700387256425021,-0.21334198120625686,0.0,0.03425247777182504,-0.0030406766518301645,0.1987631373401558,0.0
298,0.6911068050781114,0.2261175891335912,-0.23456429019481878,0.0,-0.01340250028986651,-0.019217391930719224,0.05070643574529039,0.0
299,-0.745784072194428,-0.19089890079179786,-0.006453312830696459,0.0,-0.021995998884816872,-0.012837390543240032,-0.366765812284289,0.0
300,-0.375423741927815,-0.057476891543452056,0.2059048721312428,0.0,-0.06681035554166576,-0.057677035108125906,0.11327969594375092,0.0
301,-0.8791838993251965,0.223125940760422,-0.053718630394904904,0.0,-0.12538371718619262,-0.2503168724482639,0.007601314052769023,0.0
302,-0.9369848602696875,-0.0010107765204687615,0.08983076909551292,0.0,-0.010359333028791277,-0.00287888099726835,-0.3537037622488017,0.0
303,0.8218822187699751,0.10345635523810903,-0.23378797956356062,0.0,-0.027668336800998707,-0.003070601940868822,0.10092773865220411,0.0
304,0.808791571367401,0.10345636445499035,-0.035490729589257655,0.0,0.0037746860803729025,-0.0030705850262041047,0.33272410872611863,0.0
305,-0.9225284101415314,-0.03751474854979138,0.278714461341017,0.0,-0.019133343205910234,-0.006314293561508829,0.1585913823131256,0.0
306,-0.6705220085761321,-0.27025500927661505,-0.02750148928790894,0.0,-0.024047125382659802,-0.01750836757144395,-0.361903469386679,0.0
307,0.5215534391285637,0.4028738764245323,0.027809973615418267,0.0,0.016487011446441067,0.035031544886649675,0.3158918012400238,0.0
308,1.0004097059406938,-0.04136121283480681,0.2993822135192113,0.0,-0.012885921679552194,-0.03964113908417574,0.1363889349324601,0.0
309,-0.5136609659503724,-0.006117833042714257,0.13497972045261553,0.0,-0.049296805392272394,-0.02982376406698521,0.07104390879763355,0.0
310,-0.825662086322132,-0.04032655576997788,0.21316841040589027,0.0,-0.08711061229791937,-0.06869738173491499,-0.005889564832399928,0.0
311,0.945697521146307,0.0904479844610554,0.18740998307863937,0.0,-0.06483305901258528,0.008088512446686163,0.08845628451941609,0.0
312,0.7184959836082553,0.20451030619305868,0.2398511310652145,0.0,-0.023196759211744244,-0.050157898214869046,-0.25696832247562734,0.0
313,0.7049005810074528,0.18733278024226346,0.06416582167590137,0.0,0.013697792692577593,0.000502260757708593,-0.3469467248688901,0.0
314,-0.5226393800601029,-0.13330870851184565,0.3541627108798064,0.0,-0.0007842795471085691,-0.0031815003149013935,-0.19638033036422348,0.0
315,-1.0283307822499608,0.06551211417262405,-0.2658703875194733,0.0,0.010146092912427957,-0.0025753756132141335,-0.04631822455302374,0.0
316,1.0509722178257244,-0.11255205422821801,-0.23191179841163437,0.0,-0.003520599821732677,-0.009051497548061385,-0.12214649554867864,0.0
317,-1.0565404717293936,0.1178105628186272,-0.042121426451198624,0.0,-0.030837749474620618,-0.004109244642648984,-0.36824987693326783,0.0
318,-0.6257176419326707,-0.2882687459966783,-0.11729191204021659,0.0,0.013448592787449691,0.008819709054784172,0.15018028705534697,0.0
319,-1.007110200376598,0.04676178451326223,-0.24967761715229173,0.0,-0.012524278479537737,-0.0023860500019886243,-0.14822555747026855,0.0
320,-0.9957521143933731,0.046759354517292843,0.2942216354384901,0.0,0.02767409618409838,-0.002370542970907579,-0.1316343433288404,0.0
321,0.781780029855465,-0.061451478835022805,-0.04361084013853845,0.0,0.09778590582267244,0.03261183755246369,0.36975829875354127,0.0
322,-1.117271124288027,0.1710185841706399,-0.1377371410137066,0.0,-0.041230111960165496,-0.0013724992689370533,-0.3242804895161827,0.0
323,0.6603419188854962,0.24946494047583279,-0.033941501372632084,0.0,0.024447627203512307,0.007608887273707227,-0.3339359004817251,0.0
324,1.0868500874377616,-0.09687895346909392,-0.14012017720514067,0.0,0.048478323093710196,0.036589475943748964,-0.03251510853359437,0.0
325,-0.2876309197576659,-0.09963616388672139,0.16497869496954576,0.0,-0.0598465644132156,-0.11527256727053165,0.0506975875968759,0.0
326,-0.4415240918914253,-0.5016960125641968,-0.05402384258144494,0.0,-0.018981764485823047,-0.03283434190654108,-0.3498503917995573,0.0
327,-0.8049542531283291,-0.15030852235691494,-0.1501547556467786,0.0,0.030127992499824816,-0.0027955819629188715,-0.2752523493401973,0.0
328,-0.8545099333534016,-0.24120353259488572,0.09770297287142113,0.0,-0.0762149204996205,-0.049524637902300224,0.048346952464230396,0.0
329,-1.1127992299325165,0.16194535108719985,0.30396155942115693,0.0,0.006744749448211744,-0.0011599037313801807,0.0337587828206322,0.0
330,-0.9049218636316563,-0.058478174773123906,-0.2236987182554475,0.0,-0.019948749923617178,-0.005367959856594686,-0.204996351785333,0.0
331,-0.3743241339103587,-0.5421296487737934,0.18585668106048492,0.0,-0.019286419457624916,-0.003811600831483285,0.2388143503116757,0.0
332,-0.3775721695489225,-0.5414993978118293,0.22978441963573776,0.0,-0.01944822144681046,-0.005565188584944288,0.19432650332919826,0.0
333,0.7572936048086343,0.15904201095663803,-0.2205040508915923,0.0,-0.018297850029763862,-0.008781212311283138,0.1133746414600576,0.0
334,0.29083672782120307,0.6442475615931778,0.3262802039984537,0.0,-0.0005572114550906554,-0.005782839265445794,0.0655854631070241,0.0
335,0.29079543833241495,0.6380630935772514,0.2886653814466925,0.0,0.007907814663959812,0.018344142150346604,0.1944702888066538,0.0
336,0.28363715926011945,0.6149719035809853,0.09682535980199183,0.0,0.0030030449989478887,0.002522232084321633,-0.3459727895142707,0.0
337,-0.8878283042403828,-0.06199471782052977,0.2898353292073049,0.0,0.027786000592706986,-0.006152036998024602,-0.13912591659484866,0.0
338,0.9352830395026863,-0.010845972954143697,-0.23543020021900649,0.0,-0.028333232730803244,-0.0034462556743324545,0.09081660374459258,0.0
339,-1.0775880451863296,0.1414683106750513,0.26310967415474384,0.0,0.028056631986815343,-0.0009819823263601951,-0.18704272803561928,0.0
340,-1.0912249981859434,0.14146832278891688,-0.27108112163401477,0.0,0.01944288199402594,-0.0009819943925793162,0.06361690611020558,0.0
341,-1.0259269342222463,0.09399348056420806,0.027501848388341334,0.0,-0.020428484544588114,-0.002803212935523331,0.3241993930242897,0.0
342,-1.037736645071079,0.09400161530244414,0.2794276015219786,0.0,0.02889364786056737,-0.0028155122241062527,-0.16332829863440362,0.0
343,0.38748935509658855,0.5448787823653256,-0.1466632989968535,0.0,0.0011757457835191308,-0.024057162036131872,-0.12275423894406405,0.0
344,0.9137925672276231,0.0008166225140166794,-0.06361857419833289,0.0,0.014402844364937627,-0.0028695839846514673,-0.2997806216264981,0.0
345,1.0581613075342786,-0.06273186904514311,-0.1078408361918111,0.0,0.013401738836254565,-0.03202600049562448,0.13483432700927117,0.0
346,1.059272055742946,-0.11699664735008397,0.3194125491854937,0.0,-0.0006895405072849105,-0.0139392291921007,0.06918370196026412,0.0
347,-0.8132246082768474,-0.11815120806484794,0.11097011424820111,0.0,-0.005504784359181827,-0.009169558104137854,-0.33505104868856517,0.0
348,-0.930845682086249,-0.02965700944085127,-0.2604954274046329,0.0,0.00703551331310494,-0.006720119569775529,-0.10574345087761552,0.0
349,-1.0255946240201985,0.06546357265054256,0.3171999640036058,0.0,0.01594584425810586,-0.002717039400820958,-0.006762812217099309,0.0
350,-1.021466162148944,0.06546359100067414,-0.17862818136463948,0.0,-0.0319986680225338,-0.002717058879930733,-0.2843487584093578,0.0
351,1.007720321994896,-0.07631059372374402,0.18816958559036107,0.0,0.021929062611713953,-0.007642084117030171,0.3267282529909875,0.0
352,1.0004964602239852,-0.07657814697822254,-0.07292769732394205,0.0,0.019856451941272026,-0.007718830687942865,-0.3003849732925095,0.0
353,0.9742834729222265,-0.06543067694259061,0.23543007910246197,0.0,-0.019733427100879136,-0.007611896230930826,-0.2838502077941805,0.0
354,-0.48455575494609116,-0.4557846954913569,-0.1099597533301748,0.0,-0.020766953477028286,-0.030726456724165664,-0.3347597017357036,0.0
355,-0.5921248528239246,-0.35307277107413393,0.18978730666298765,0.0,-0.023022241988283124,-0.024127102215794623,0.2670690577930296,0.0
356,0.82527107074739,0.08581115338072792,0.16567830603989084,0.0,-0.02893453485632386,-0.007505134460176308,-0.29822085079847765,0.0
357,-0.2618207920819859,-0.6840637269106724,0.19047419463976012,0.0,-0.00981954002296474,-0.044292745809580425,0.2740320329814812,0.0
358,-1.0630474182615235,0.11995485631841704,0.2645221512285938,0.0,0.03443826332384277,-0.0022418653130015205,-0.20358097864296168,0.0
359,0.7939243316845952,0.10945388466044015,-0.1374945048316863,0.0,0.0004991209047388537,-0.0031474376453768183,0.23667261400690232,0.0
360,0.885203874306302,0.018216496827003003,0.09799064397146981,0.0,0.007437148429781663,-0.004079433143932644,-0.34453609672522106,0.0
361,-1.0661839653556777,0.11808317521553405,0.3046311160562868,0.0,0.026061761931529148,-0.003752484548021343,-0.06966741687179102,0.0
362,1.0763973307868866,-0.15106750108134057,0.30621813838580864,0.0,-0.041230590687830165,-0.00961333395626197,-0.15283535208319246,0.0
363,-0.2233491864405529,-0.700355094857592,-0.06031606632035599,0.0,-0.0008119043867051757,-0.004984839038952034,0.3204417146508222,0.0
364,-0.2251883381166373,-0.7100105632606873,0.2503460229849877,0.0,0.005052812402114902,0.025807249922455013,-0.21696682676468373,0.0
365,0.9116988335558701,-0.0002978888155073887,0.0158252434270288,0.0,0.0172071774672241,-0.004171781329298121,-0.3368949475857461,0.0
366,0.928486542671797,-0.0002978621739189533,0.24246380580023127,0.0,0.026992408912624114,-0.004171820476090318,0.27152777950604284,0.0
367,1.0096543491883623,-0.12562284203103607,-0.00983114676956991,0.0,0.04628818885162483,0.06441068115261239,-0.13171454087386497,0.0
368,0.9575299604300013,-0.049363860081939645,0.04376405029837737,0.0,0.007267745729421435,-0.005073902732807832,-0.33374835977546013,0.0
369,0.9316635877315192,-0.010554029613289426,-0.13343021133033584,0.0,0.028539972812212523,-0.0004827029410297604,-0.2551194790444551,0.0
370,0.9420075866730464,-0.0107736769032699,0.27844681085658896,0.0,0.016656674389675927,-0.003618363640072388,0.22309428700176692,0.0
371,-0.6888001049876932,-0.25667578547605285,-0.13851378236125333,0.0,-0.02507811991462526,-0.019984656356343514,-0.32182032778750447,0.0
372,-0.8787643103022375,-0.05944250614976788,0.1295321883171358,0.0,-0.04103652955961056,-0.007697746471815372,0.2505569785255006,0.0
373,-0.8882101377832664,-0.06998725412648305,-0.23874601518274552,0.0,0.02230162492501631,-0.003988244126242007,0.1473324853086059,0.0
374,-0.8890450311231415,-0.07001384510006092,0.2274848328757576,0.0,-0.03203749010642193,-0.006268074098861808,0.23627755164018113,0.0
375,-0.9115900420993586,-0.04879290554631859,-0.2670367291793067,0.0,0.012720992312892618,-0.005035145561636908,0.023491119413470714,0.0
376,-0.48660363330732276,-0.46695048014889184,0.2679479978016609,0.0,-0.012175448319521633,-0.02125634630617926,0.17323729494308132,0.0
377,-0.3883381362115297,-0.5610018157014586,0.20139176911055665,0.0,-0.016392198517711044,-0.036920899147770275,0.2667631459965654,0.0
378,1.0491331304756837,-0.11615770171447748,0.23330849777671944,0.0,0.03618121129330597,-0.008911557258589645,0.27215505797980966,0.0
379,0.7110961803149312,0.20593476983031175,-0.07482159584213878,0.0,0.006126719923731962,0.006948596950936828,-0.2959807546346509,0.0
380,-0.858113873679794,-0.0765603072540261,-0.11501578612435936,0.0,-0.13314109287569595,0.008012693434030013,-0.26319942384740835,0.0
381,0.5174083208753081,0.4026671193162203,-0.19657047718262008,0.0,0.01409899160067091,0.003454186388299842,-0.17086793049163085,0.0
382,-0.9451511851698123,-0.010774424035468546,-0.2488880918278657,0.0,0.030026150375661934,-0.003473365402571064,0.1180691991222071,0.0
383,-0.9476369135621301,-0.010774043171953598,0.249038268281996,0.0,-0.02213336891431928,-0.003472417955359684,0.1990267598730824,0.0
384,-0.9014641732250687,-0.05782640300728954,0.3161954381033747,0.0,0.017648906664814862,-0.0009915290166431518,-0.05069402095498076,0.0
385,-0.8890905434938177,-0.05694707256008981,-0.17839448199846714,0.0,0.021282589272563764,-0.0007347661910177064,0.24861880080470566,0.0
386,-0.8865926547792644,-0.05668661773817542,-0.012413048065775166,0.0,-0.029414193425036324,-0.006015642873193151,-0.3674832826992021,0.0
387,-0.8043849630186807,-0.15152392970333645,-0.23118990367014008,0.0,-0.016383934076413215,-0.009665230011297765,-0.2042637534089028,0.0
388,-0.793446860414593,-0.15152391801482157,0.2764957164446741,0.0,0.022821507601028076,-0.009665292612671586,-0.16175974846807034,0.0
389,-0.8052285119903244,-0.15152391845110919,-0.24501197933635455,0.0,-0.01208995038464723,-0.009665301714271962,-0.16937641921500868,0.0
390,-1.0288968615202705,0.0846412681464862,0.17087958581774018,0.0,-0.03950988954646766,-0.0026942824316347758,0.27643567920489515,0.0
391,-0.45239847001584216,-0.13826010202485073,0.36667706745460715,0.0,0.0008855787065228226,-0.0042744036525151664,-0.21866897929044854,0.0
392,-0.7950201805421444,-0.12784958140610544,-0.11303345768815408,0.0,0.008169066235605092,-0.01313388943390394,0.26349024031712936,0.0
393,-1.1146733546044034,0.16192676530574532,0.3095690064477008,0.0,0.02489596798522602,-0.001363695616164915,-0.062020005976085424,0.0
394,-0.6251545981310154,-0.34923461655748855,-0.18686968897580458,0.0,-0.01724690138412993,-0.016058001476377374,-0.24115412075365456,0.0
395,-1.019631637608703,0.08501221645024498,0.08704277402533986,0.0,-0.008118162083223857,-0.0030193790786697556,-0.3553786579749629,0.0
396,0.9080389515184422,0.04939668448375294,0.2529039216626103,0.0,0.0058031420845515245,0.0014016503226029157,0.21851451461221932,0.0
397,0.8828088471092268,0.04566719235163945,-0.2443828530722909,0.0,-0.011528930162958074,-0.002815279835948604,-0.01903747969570767,0.0
398,-0.9134713703620243,-0.027427136404089614,0.28479666695125794,0.0,0.026456742337186763,0.00759739073844931,-0.1452686557720819,0.0
